都道府県市区町村コード,市区町村名,基準メッシュコード
14101,横浜市鶴見区,53391535
14101,横浜市鶴見区,53391544
14101,横浜市鶴見区,53391545
14101,横浜市鶴見区,53391546
14101,横浜市鶴見区,53391553
14101,横浜市鶴見区,53391554
14101,横浜市鶴見区,53391555
14101,横浜市鶴見区,53391556
14101,横浜市鶴見区,53391557
14101,横浜市鶴見区,53391563
14101,横浜市鶴見区,53391564
14101,横浜市鶴見区,53391565
14101,横浜市鶴見区,53391566
14101,横浜市鶴見区,53391567
14101,横浜市鶴見区,53391568
14101,横浜市鶴見区,53391573
14101,横浜市鶴見区,53391574
14101,横浜市鶴見区,53391575
14101,横浜市鶴見区,53391576
14101,横浜市鶴見区,53391577
14101,横浜市鶴見区,53391582
14101,横浜市鶴見区,53391583
14101,横浜市鶴見区,53391584
14101,横浜市鶴見区,53391585
14101,横浜市鶴見区,53391586
14101,横浜市鶴見区,53391587
14101,横浜市鶴見区,53391592
14101,横浜市鶴見区,53391593
14101,横浜市鶴見区,53391594
14101,横浜市鶴見区,53391595
14101,横浜市鶴見区,53391596
14101,横浜市鶴見区,53392501
14101,横浜市鶴見区,53392502
14101,横浜市鶴見区,53392503
14101,横浜市鶴見区,53392504
14101,横浜市鶴見区,53392505
14101,横浜市鶴見区,53392506
14101,横浜市鶴見区,53392510
14101,横浜市鶴見区,53392511
14101,横浜市鶴見区,53392512
14101,横浜市鶴見区,53392513
14101,横浜市鶴見区,53392514
14101,横浜市鶴見区,53392515
14101,横浜市鶴見区,53392521
14101,横浜市鶴見区,53392522
14101,横浜市鶴見区,53392523
14101,横浜市鶴見区,53392524
14101,横浜市鶴見区,53392525
14101,横浜市鶴見区,53392531
14101,横浜市鶴見区,53392532
14101,横浜市鶴見区,53392533
14101,横浜市鶴見区,53392534
14101,横浜市鶴見区,53392535
14101,横浜市鶴見区,53392541
14101,横浜市鶴見区,53392542
14101,横浜市鶴見区,53392543
14101,横浜市鶴見区,53392544
14102,横浜市神奈川区,53391466
14102,横浜市神奈川区,53391467
14102,横浜市神奈川区,53391468
14102,横浜市神奈川区,53391469
14102,横浜市神奈川区,53391476
14102,横浜市神奈川区,53391477
14102,横浜市神奈川区,53391478
14102,横浜市神奈川区,53391479
14102,横浜市神奈川区,53391485
14102,横浜市神奈川区,53391486
14102,横浜市神奈川区,53391487
14102,横浜市神奈川区,53391488
14102,横浜市神奈川区,53391489
14102,横浜市神奈川区,53391495
14102,横浜市神奈川区,53391496
14102,横浜市神奈川区,53391497
14102,横浜市神奈川区,53391498
14102,横浜市神奈川区,53391499
14102,横浜市神奈川区,53391550
14102,横浜市神奈川区,53391551
14102,横浜市神奈川区,53391552
14102,横浜市神奈川区,53391560
14102,横浜市神奈川区,53391561
14102,横浜市神奈川区,53391562
14102,横浜市神奈川区,53391570
14102,横浜市神奈川区,53391571
14102,横浜市神奈川区,53391572
14102,横浜市神奈川区,53391573
14102,横浜市神奈川区,53391580
14102,横浜市神奈川区,53391581
14102,横浜市神奈川区,53391582
14102,横浜市神奈川区,53391583
14102,横浜市神奈川区,53391590
14102,横浜市神奈川区,53391591
14102,横浜市神奈川区,53391592
14102,横浜市神奈川区,53392405
14102,横浜市神奈川区,53392406
14102,横浜市神奈川区,53392407
14102,横浜市神奈川区,53392500
14102,横浜市神奈川区,53392501
14102,横浜市神奈川区,53392502
14103,横浜市西区,53391438
14103,横浜市西区,53391439
14103,横浜市西区,53391448
14103,横浜市西区,53391449
14103,横浜市西区,53391458
14103,横浜市西区,53391459
14103,横浜市西区,53391468
14103,横浜市西区,53391469
14103,横浜市西区,53391530
14103,横浜市西区,53391540
14103,横浜市西区,53391541
14103,横浜市西区,53391550
14103,横浜市西区,53391551
14103,横浜市西区,53391560
14104,横浜市中区,53390573
14104,横浜市中区,53390574
14104,横浜市中区,53390575
14104,横浜市中区,53390582
14104,横浜市中区,53390583
14104,横浜市中区,53390584
14104,横浜市中区,53390585
14104,横浜市中区,53390591
14104,横浜市中区,53390592
14104,横浜市中区,53390593
14104,横浜市中区,53390594
14104,横浜市中区,53390595
14104,横浜市中区,53391429
14104,横浜市中区,53391439
14104,横浜市中区,53391500
14104,横浜市中区,53391501
14104,横浜市中区,53391502
14104,横浜市中区,53391503
14104,横浜市中区,53391504
14104,横浜市中区,53391510
14104,横浜市中区,53391511
14104,横浜市中区,53391512
14104,横浜市中区,53391513
14104,横浜市中区,53391514
14104,横浜市中区,53391515
14104,横浜市中区,53391520
14104,横浜市中区,53391521
14104,横浜市中区,53391522
14104,横浜市中区,53391523
14104,横浜市中区,53391524
14104,横浜市中区,53391525
14104,横浜市中区,53391530
14104,横浜市中区,53391531
14104,横浜市中区,53391532
14104,横浜市中区,53391533
14104,横浜市中区,53391534
14104,横浜市中区,53391535
14104,横浜市中区,53391540
14104,横浜市中区,53391541
14104,横浜市中区,53391542
14104,横浜市中区,53391543
14105,横浜市南区,53390488
14105,横浜市南区,53390496
14105,横浜市南区,53390497
14105,横浜市南区,53390498
14105,横浜市南区,53391405
14105,横浜市南区,53391406
14105,横浜市南区,53391407
14105,横浜市南区,53391408
14105,横浜市南区,53391409
14105,横浜市南区,53391415
14105,横浜市南区,53391416
14105,横浜市南区,53391417
14105,横浜市南区,53391418
14105,横浜市南区,53391419
14105,横浜市南区,53391426
14105,横浜市南区,53391427
14105,横浜市南区,53391428
14105,横浜市南区,53391429
14105,横浜市南区,53391437
14105,横浜市南区,53391438
14105,横浜市南区,53391439
14105,横浜市南区,53391510
14105,横浜市南区,53391511
14105,横浜市南区,53391520
14105,横浜市南区,53391521
14106,横浜市保土ケ谷区,53391415
14106,横浜市保土ケ谷区,53391416
14106,横浜市保土ケ谷区,53391424
14106,横浜市保土ケ谷区,53391425
14106,横浜市保土ケ谷区,53391426
14106,横浜市保土ケ谷区,53391427
14106,横浜市保土ケ谷区,53391428
14106,横浜市保土ケ谷区,53391433
14106,横浜市保土ケ谷区,53391434
14106,横浜市保土ケ谷区,53391435
14106,横浜市保土ケ谷区,53391436
14106,横浜市保土ケ谷区,53391437
14106,横浜市保土ケ谷区,53391438
14106,横浜市保土ケ谷区,53391443
14106,横浜市保土ケ谷区,53391444
14106,横浜市保土ケ谷区,53391445
14106,横浜市保土ケ谷区,53391446
14106,横浜市保土ケ谷区,53391447
14106,横浜市保土ケ谷区,53391448
14106,横浜市保土ケ谷区,53391454
14106,横浜市保土ケ谷区,53391455
14106,横浜市保土ケ谷区,53391456
14106,横浜市保土ケ谷区,53391457
14106,横浜市保土ケ谷区,53391458
14106,横浜市保土ケ谷区,53391464
14106,横浜市保土ケ谷区,53391465
14106,横浜市保土ケ谷区,53391466
14106,横浜市保土ケ谷区,53391467
14106,横浜市保土ケ谷区,53391468
14106,横浜市保土ケ谷区,53391474
14106,横浜市保土ケ谷区,53391475
14106,横浜市保土ケ谷区,53391476
14106,横浜市保土ケ谷区,53391477
14106,横浜市保土ケ谷区,53391478
14106,横浜市保土ケ谷区,53391484
14106,横浜市保土ケ谷区,53391485
14106,横浜市保土ケ谷区,53391486
14106,横浜市保土ケ谷区,53391487
14106,横浜市保土ケ谷区,53391493
14106,横浜市保土ケ谷区,53391494
14106,横浜市保土ケ谷区,53391495
14107,横浜市磯子区,53390427
14107,横浜市磯子区,53390428
14107,横浜市磯子区,53390437
14107,横浜市磯子区,53390438
14107,横浜市磯子区,53390439
14107,横浜市磯子区,53390447
14107,横浜市磯子区,53390448
14107,横浜市磯子区,53390449
14107,横浜市磯子区,53390457
14107,横浜市磯子区,53390458
14107,横浜市磯子区,53390459
14107,横浜市磯子区,53390467
14107,横浜市磯子区,53390468
14107,横浜市磯子区,53390469
14107,横浜市磯子区,53390477
14107,横浜市磯子区,53390478
14107,横浜市磯子区,53390479
14107,横浜市磯子区,53390487
14107,横浜市磯子区,53390488
14107,横浜市磯子区,53390489
14107,横浜市磯子区,53390498
14107,横浜市磯子区,53390499
14107,横浜市磯子区,53390550
14107,横浜市磯子区,53390560
14107,横浜市磯子区,53390561
14107,横浜市磯子区,53390570
14107,横浜市磯子区,53390580
14107,横浜市磯子区,53390581
14107,横浜市磯子区,53390590
14107,横浜市磯子区,53390591
14107,横浜市磯子区,53391408
14107,横浜市磯子区,53391409
14107,横浜市磯子区,53391419
14107,横浜市磯子区,53391500
14107,横浜市磯子区,53391501
14107,横浜市磯子区,53391510
14108,横浜市金沢区,52397477
14108,横浜市金沢区,52397478
14108,横浜市金沢区,52397479
14108,横浜市金沢区,52397487
14108,横浜市金沢区,52397488
14108,横浜市金沢区,52397489
14108,横浜市金沢区,52397497
14108,横浜市金沢区,52397498
14108,横浜市金沢区,52397499
14108,横浜市金沢区,52397580
14108,横浜市金沢区,52397590
14108,横浜市金沢区,52397591
14108,横浜市金沢区,53390407
14108,横浜市金沢区,53390408
14108,横浜市金沢区,53390409
14108,横浜市金沢区,53390417
14108,横浜市金沢区,53390418
14108,横浜市金沢区,53390419
14108,横浜市金沢区,53390427
14108,横浜市金沢区,53390428
14108,横浜市金沢区,53390429
14108,横浜市金沢区,53390438
14108,横浜市金沢区,53390439
14108,横浜市金沢区,53390449
14108,横浜市金沢区,53390459
14108,横浜市金沢区,53390500
14108,横浜市金沢区,53390501
14108,横浜市金沢区,53390502
14108,横浜市金沢区,53390510
14108,横浜市金沢区,53390511
14108,横浜市金沢区,53390512
14108,横浜市金沢区,53390520
14108,横浜市金沢区,53390521
14108,横浜市金沢区,53390522
14108,横浜市金沢区,53390530
14108,横浜市金沢区,53390531
14108,横浜市金沢区,53390532
14108,横浜市金沢区,53390540
14108,横浜市金沢区,53390541
14108,横浜市金沢区,53390542
14108,横浜市金沢区,53390550
14108,横浜市金沢区,53390551
14108,横浜市金沢区,53390552
14108,横浜市金沢区,53390560
14108,横浜市金沢区,53390561
14108,横浜市金沢区,53390562
14109,横浜市港北区,53391489
14109,横浜市港北区,53391497
14109,横浜市港北区,53391498
14109,横浜市港北区,53391499
14109,横浜市港北区,53391580
14109,横浜市港北区,53391590
14109,横浜市港北区,53392406
14109,横浜市港北区,53392407
14109,横浜市港北区,53392408
14109,横浜市港北区,53392409
14109,横浜市港北区,53392416
14109,横浜市港北区,53392417
14109,横浜市港北区,53392418
14109,横浜市港北区,53392419
14109,横浜市港北区,53392427
14109,横浜市港北区,53392428
14109,横浜市港北区,53392429
14109,横浜市港北区,53392437
14109,横浜市港北区,53392438
14109,横浜市港北区,53392439
14109,横浜市港北区,53392447
14109,横浜市港北区,53392448
14109,横浜市港北区,53392449
14109,横浜市港北区,53392458
14109,横浜市港北区,53392459
14109,横浜市港北区,53392468
14109,横浜市港北区,53392469
14109,横浜市港北区,53392479
14109,横浜市港北区,53392500
14109,横浜市港北区,53392501
14109,横浜市港北区,53392510
14109,横浜市港北区,53392511
14109,横浜市港北区,53392520
14109,横浜市港北区,53392521
14109,横浜市港北区,53392530
14109,横浜市港北区,53392531
14109,横浜市港北区,53392540
14109,横浜市港北区,53392541
14109,横浜市港北区,53392542
14109,横浜市港北区,53392550
14109,横浜市港北区,53392551
14109,横浜市港北区,53392552
14109,横浜市港北区,53392560
14109,横浜市港北区,53392561
14109,横浜市港北区,53392562
14109,横浜市港北区,53392570
14109,横浜市港北区,53392571
14109,横浜市港北区,53392572
14110,横浜市戸塚区,53390329
14110,横浜市戸塚区,53390338
14110,横浜市戸塚区,53390339
14110,横浜市戸塚区,53390349
14110,横浜市戸塚区,53390358
14110,横浜市戸塚区,53390359
14110,横浜市戸塚区,53390368
14110,横浜市戸塚区,53390369
14110,横浜市戸塚区,53390379
14110,横浜市戸塚区,53390430
14110,横浜市戸塚区,53390431
14110,横浜市戸塚区,53390440
14110,横浜市戸塚区,53390441
14110,横浜市戸塚区,53390450
14110,横浜市戸塚区,53390451
14110,横浜市戸塚区,53390452
14110,横浜市戸塚区,53390453
14110,横浜市戸塚区,53390454
14110,横浜市戸塚区,53390460
14110,横浜市戸塚区,53390461
14110,横浜市戸塚区,53390462
14110,横浜市戸塚区,53390463
14110,横浜市戸塚区,53390464
14110,横浜市戸塚区,53390470
14110,横浜市戸塚区,53390471
14110,横浜市戸塚区,53390472
14110,横浜市戸塚区,53390473
14110,横浜市戸塚区,53390474
14110,横浜市戸塚区,53390480
14110,横浜市戸塚区,53390481
14110,横浜市戸塚区,53390482
14110,横浜市戸塚区,53390483
14110,横浜市戸塚区,53390484
14110,横浜市戸塚区,53390491
14110,横浜市戸塚区,53390492
14110,横浜市戸塚区,53390493
14110,横浜市戸塚区,53390494
14110,横浜市戸塚区,53391401
14110,横浜市戸塚区,53391402
14110,横浜市戸塚区,53391403
14110,横浜市戸塚区,53391404
14110,横浜市戸塚区,53391405
14110,横浜市戸塚区,53391406
14110,横浜市戸塚区,53391412
14110,横浜市戸塚区,53391413
14110,横浜市戸塚区,53391414
14110,横浜市戸塚区,53391415
14110,横浜市戸塚区,53391416
14110,横浜市戸塚区,53391422
14110,横浜市戸塚区,53391423
14110,横浜市戸塚区,53391424
14110,横浜市戸塚区,53391425
14110,横浜市戸塚区,53391432
14110,横浜市戸塚区,53391433
14110,横浜市戸塚区,53391434
14111,横浜市港南区,53390436
14111,横浜市港南区,53390437
14111,横浜市港南区,53390444
14111,横浜市港南区,53390445
14111,横浜市港南区,53390446
14111,横浜市港南区,53390447
14111,横浜市港南区,53390454
14111,横浜市港南区,53390455
14111,横浜市港南区,53390456
14111,横浜市港南区,53390457
14111,横浜市港南区,53390464
14111,横浜市港南区,53390465
14111,横浜市港南区,53390466
14111,横浜市港南区,53390467
14111,横浜市港南区,53390468
14111,横浜市港南区,53390474
14111,横浜市港南区,53390475
14111,横浜市港南区,53390476
14111,横浜市港南区,53390477
14111,横浜市港南区,53390478
14111,横浜市港南区,53390484
14111,横浜市港南区,53390485
14111,横浜市港南区,53390486
14111,横浜市港南区,53390487
14111,横浜市港南区,53390488
14111,横浜市港南区,53390494
14111,横浜市港南区,53390495
14111,横浜市港南区,53390496
14111,横浜市港南区,53390497
14111,横浜市港南区,53390498
14111,横浜市港南区,53391404
14111,横浜市港南区,53391405
14111,横浜市港南区,53391406
14112,横浜市旭区,53391379
14112,横浜市旭区,53391389
14112,横浜市旭区,53391398
14112,横浜市旭区,53391399
14112,横浜市旭区,53391430
14112,横浜市旭区,53391431
14112,横浜市旭区,53391432
14112,横浜市旭区,53391433
14112,横浜市旭区,53391440
14112,横浜市旭区,53391441
14112,横浜市旭区,53391442
14112,横浜市旭区,53391443
14112,横浜市旭区,53391444
14112,横浜市旭区,53391445
14112,横浜市旭区,53391450
14112,横浜市旭区,53391451
14112,横浜市旭区,53391452
14112,横浜市旭区,53391453
14112,横浜市旭区,53391454
14112,横浜市旭区,53391455
14112,横浜市旭区,53391460
14112,横浜市旭区,53391461
14112,横浜市旭区,53391462
14112,横浜市旭区,53391463
14112,横浜市旭区,53391464
14112,横浜市旭区,53391470
14112,横浜市旭区,53391471
14112,横浜市旭区,53391472
14112,横浜市旭区,53391473
14112,横浜市旭区,53391474
14112,横浜市旭区,53391475
14112,横浜市旭区,53391480
14112,横浜市旭区,53391481
14112,横浜市旭区,53391482
14112,横浜市旭区,53391483
14112,横浜市旭区,53391484
14112,横浜市旭区,53391485
14112,横浜市旭区,53391490
14112,横浜市旭区,53391491
14112,横浜市旭区,53391492
14112,横浜市旭区,53391493
14112,横浜市旭区,53391494
14112,横浜市旭区,53392309
14112,横浜市旭区,53392319
14112,横浜市旭区,53392400
14112,横浜市旭区,53392401
14112,横浜市旭区,53392402
14112,横浜市旭区,53392403
14112,横浜市旭区,53392410
14113,横浜市緑区,53391490
14113,横浜市緑区,53391491
14113,横浜市緑区,53391492
14113,横浜市緑区,53391493
14113,横浜市緑区,53391494
14113,横浜市緑区,53391495
14113,横浜市緑区,53392308
14113,横浜市緑区,53392309
14113,横浜市緑区,53392318
14113,横浜市緑区,53392319
14113,横浜市緑区,53392328
14113,横浜市緑区,53392329
14113,横浜市緑区,53392338
14113,横浜市緑区,53392339
14113,横浜市緑区,53392348
14113,横浜市緑区,53392349
14113,横浜市緑区,53392400
14113,横浜市緑区,53392401
14113,横浜市緑区,53392402
14113,横浜市緑区,53392403
14113,横浜市緑区,53392404
14113,横浜市緑区,53392405
14113,横浜市緑区,53392406
14113,横浜市緑区,53392410
14113,横浜市緑区,53392411
14113,横浜市緑区,53392412
14113,横浜市緑区,53392413
14113,横浜市緑区,53392414
14113,横浜市緑区,53392415
14113,横浜市緑区,53392416
14113,横浜市緑区,53392420
14113,横浜市緑区,53392421
14113,横浜市緑区,53392422
14113,横浜市緑区,53392423
14113,横浜市緑区,53392424
14113,横浜市緑区,53392430
14113,横浜市緑区,53392431
14113,横浜市緑区,53392432
14113,横浜市緑区,53392433
14113,横浜市緑区,53392440
14113,横浜市緑区,53392442
14113,横浜市緑区,53392443
14114,横浜市瀬谷区,53391329
14114,横浜市瀬谷区,53391338
14114,横浜市瀬谷区,53391339
14114,横浜市瀬谷区,53391347
14114,横浜市瀬谷区,53391348
14114,横浜市瀬谷区,53391349
14114,横浜市瀬谷区,53391357
14114,横浜市瀬谷区,53391358
14114,横浜市瀬谷区,53391359
14114,横浜市瀬谷区,53391367
14114,横浜市瀬谷区,53391368
14114,横浜市瀬谷区,53391369
14114,横浜市瀬谷区,53391377
14114,横浜市瀬谷区,53391378
14114,横浜市瀬谷区,53391379
14114,横浜市瀬谷区,53391387
14114,横浜市瀬谷区,53391388
14114,横浜市瀬谷区,53391389
14114,横浜市瀬谷区,53391397
14114,横浜市瀬谷区,53391398
14114,横浜市瀬谷区,53391399
14114,横浜市瀬谷区,53391420
14114,横浜市瀬谷区,53391430
14114,横浜市瀬谷区,53391440
14114,横浜市瀬谷区,53391450
14114,横浜市瀬谷区,53391460
14114,横浜市瀬谷区,53391470
14114,横浜市瀬谷区,53392307
14114,横浜市瀬谷区,53392308
14114,横浜市瀬谷区,53392309
14115,横浜市栄区,53390405
14115,横浜市栄区,53390406
14115,横浜市栄区,53390407
14115,横浜市栄区,53390414
14115,横浜市栄区,53390415
14115,横浜市栄区,53390416
14115,横浜市栄区,53390417
14115,横浜市栄区,53390421
14115,横浜市栄区,53390422
14115,横浜市栄区,53390423
14115,横浜市栄区,53390424
14115,横浜市栄区,53390425
14115,横浜市栄区,53390426
14115,横浜市栄区,53390427
14115,横浜市栄区,53390431
14115,横浜市栄区,53390432
14115,横浜市栄区,53390433
14115,横浜市栄区,53390434
14115,横浜市栄区,53390435
14115,横浜市栄区,53390436
14115,横浜市栄区,53390437
14115,横浜市栄区,53390441
14115,横浜市栄区,53390442
14115,横浜市栄区,53390443
14115,横浜市栄区,53390444
14115,横浜市栄区,53390445
14115,横浜市栄区,53390446
14115,横浜市栄区,53390451
14115,横浜市栄区,53390452
14115,横浜市栄区,53390453
14115,横浜市栄区,53390454
14115,横浜市栄区,53390464
14116,横浜市泉区,53390368
14116,横浜市泉区,53390369
14116,横浜市泉区,53390378
14116,横浜市泉区,53390379
14116,横浜市泉区,53390387
14116,横浜市泉区,53390388
14116,横浜市泉区,53390389
14116,横浜市泉区,53390398
14116,横浜市泉区,53390399
14116,横浜市泉区,53390470
14116,横浜市泉区,53390480
14116,横浜市泉区,53390481
14116,横浜市泉区,53390490
14116,横浜市泉区,53390491
14116,横浜市泉区,53391307
14116,横浜市泉区,53391308
14116,横浜市泉区,53391309
14116,横浜市泉区,53391317
14116,横浜市泉区,53391318
14116,横浜市泉区,53391319
14116,横浜市泉区,53391327
14116,横浜市泉区,53391328
14116,横浜市泉区,53391329
14116,横浜市泉区,53391338
14116,横浜市泉区,53391339
14116,横浜市泉区,53391400
14116,横浜市泉区,53391401
14116,横浜市泉区,53391402
14116,横浜市泉区,53391410
14116,横浜市泉区,53391411
14116,横浜市泉区,53391412
14116,横浜市泉区,53391420
14116,横浜市泉区,53391421
14116,横浜市泉区,53391422
14116,横浜市泉区,53391430
14116,横浜市泉区,53391431
14116,横浜市泉区,53391432
14117,横浜市青葉区,53392348
14117,横浜市青葉区,53392349
14117,横浜市青葉区,53392358
14117,横浜市青葉区,53392359
14117,横浜市青葉区,53392368
14117,横浜市青葉区,53392369
14117,横浜市青葉区,53392377
14117,横浜市青葉区,53392378
14117,横浜市青葉区,53392379
14117,横浜市青葉区,53392387
14117,横浜市青葉区,53392388
14117,横浜市青葉区,53392389
14117,横浜市青葉区,53392430
14117,横浜市青葉区,53392431
14117,横浜市青葉区,53392432
14117,横浜市青葉区,53392440
14117,横浜市青葉区,53392441
14117,横浜市青葉区,53392442
14117,横浜市青葉区,53392443
14117,横浜市青葉区,53392444
14117,横浜市青葉区,53392450
14117,横浜市青葉区,53392451
14117,横浜市青葉区,53392452
14117,横浜市青葉区,53392453
14117,横浜市青葉区,53392454
14117,横浜市青葉区,53392460
14117,横浜市青葉区,53392461
14117,横浜市青葉区,53392462
14117,横浜市青葉区,53392463
14117,横浜市青葉区,53392464
14117,横浜市青葉区,53392465
14117,横浜市青葉区,53392470
14117,横浜市青葉区,53392471
14117,横浜市青葉区,53392472
14117,横浜市青葉区,53392473
14117,横浜市青葉区,53392474
14117,横浜市青葉区,53392475
14117,横浜市青葉区,53392480
14117,横浜市青葉区,53392481
14117,横浜市青葉区,53392482
14117,横浜市青葉区,53392483
14117,横浜市青葉区,53392484
14117,横浜市青葉区,53392485
14117,横浜市青葉区,53392490
14117,横浜市青葉区,53392491
14117,横浜市青葉区,53392492
14117,横浜市青葉区,53392493
14117,横浜市青葉区,53392494
14117,横浜市青葉区,53392495
14117,横浜市青葉区,53393402
14117,横浜市青葉区,53393403
14117,横浜市青葉区,53393404
14117,横浜市青葉区,53393412
14117,横浜市青葉区,53393413
14118,横浜市都筑区,53392414
14118,横浜市都筑区,53392415
14118,横浜市都筑区,53392416
14118,横浜市都筑区,53392417
14118,横浜市都筑区,53392423
14118,横浜市都筑区,53392424
14118,横浜市都筑区,53392425
14118,横浜市都筑区,53392426
14118,横浜市都筑区,53392427
14118,横浜市都筑区,53392428
14118,横浜市都筑区,53392433
14118,横浜市都筑区,53392434
14118,横浜市都筑区,53392435
14118,横浜市都筑区,53392436
14118,横浜市都筑区,53392437
14118,横浜市都筑区,53392438
14118,横浜市都筑区,53392443
14118,横浜市都筑区,53392444
14118,横浜市都筑区,53392445
14118,横浜市都筑区,53392446
14118,横浜市都筑区,53392447
14118,横浜市都筑区,53392448
14118,横浜市都筑区,53392454
14118,横浜市都筑区,53392455
14118,横浜市都筑区,53392456
14118,横浜市都筑区,53392457
14118,横浜市都筑区,53392458
14118,横浜市都筑区,53392464
14118,横浜市都筑区,53392465
14118,横浜市都筑区,53392466
14118,横浜市都筑区,53392467
14118,横浜市都筑区,53392468
14118,横浜市都筑区,53392469
14118,横浜市都筑区,53392474
14118,横浜市都筑区,53392475
14118,横浜市都筑区,53392476
14118,横浜市都筑区,53392477
14118,横浜市都筑区,53392478
14118,横浜市都筑区,53392479
14118,横浜市都筑区,53392485
14118,横浜市都筑区,53392486
14118,横浜市都筑区,53392487
14118,横浜市都筑区,53392488
14131,川崎市川崎区,53391567
14131,川崎市川崎区,53391568
14131,川崎市川崎区,53391569
14131,川崎市川崎区,53391577
14131,川崎市川崎区,53391578
14131,川崎市川崎区,53391579
14131,川崎市川崎区,53391586
14131,川崎市川崎区,53391587
14131,川崎市川崎区,53391588
14131,川崎市川崎区,53391589
14131,川崎市川崎区,53391596
14131,川崎市川崎区,53391597
14131,川崎市川崎区,53391598
14131,川崎市川崎区,53391599
14131,川崎市川崎区,53391680
14131,川崎市川崎区,53391690
14131,川崎市川崎区,53391691
14131,川崎市川崎区,53391692
14131,川崎市川崎区,53392505
14131,川崎市川崎区,53392506
14131,川崎市川崎区,53392507
14131,川崎市川崎区,53392508
14131,川崎市川崎区,53392509
14131,川崎市川崎区,53392515
14131,川崎市川崎区,53392516
14131,川崎市川崎区,53392517
14131,川崎市川崎区,53392518
14131,川崎市川崎区,53392519
14131,川崎市川崎区,53392525
14131,川崎市川崎区,53392526
14131,川崎市川崎区,53392527
14131,川崎市川崎区,53392528
14131,川崎市川崎区,53392529
14131,川崎市川崎区,53392535
14131,川崎市川崎区,53392536
14131,川崎市川崎区,53392537
14131,川崎市川崎区,53392538
14131,川崎市川崎区,53392539
14131,川崎市川崎区,53392545
14131,川崎市川崎区,53392546
14131,川崎市川崎区,53392547
14131,川崎市川崎区,53392548
14131,川崎市川崎区,53392549
14131,川崎市川崎区,53392557
14131,川崎市川崎区,53392558
14131,川崎市川崎区,53392559
14131,川崎市川崎区,53392600
14131,川崎市川崎区,53392601
14131,川崎市川崎区,53392602
14131,川崎市川崎区,53392610
14131,川崎市川崎区,53392611
14131,川崎市川崎区,53392612
14131,川崎市川崎区,53392613
14131,川崎市川崎区,53392620
14131,川崎市川崎区,53392621
14131,川崎市川崎区,53392622
14131,川崎市川崎区,53392623
14131,川崎市川崎区,53392630
14131,川崎市川崎区,53392631
14131,川崎市川崎区,53392632
14131,川崎市川崎区,53392640
14131,川崎市川崎区,53392641
14131,川崎市川崎区,53392650
14131,川崎市川崎区,53392651
14132,川崎市幸区,53392533
14132,川崎市幸区,53392534
14132,川崎市幸区,53392535
14132,川崎市幸区,53392542
14132,川崎市幸区,53392543
14132,川崎市幸区,53392544
14132,川崎市幸区,53392545
14132,川崎市幸区,53392546
14132,川崎市幸区,53392552
14132,川崎市幸区,53392553
14132,川崎市幸区,53392554
14132,川崎市幸区,53392555
14132,川崎市幸区,53392556
14132,川崎市幸区,53392562
14132,川崎市幸区,53392563
14132,川崎市幸区,53392564
14132,川崎市幸区,53392565
14132,川崎市幸区,53392566
14132,川崎市幸区,53392573
14132,川崎市幸区,53392574
14132,川崎市幸区,53392575
14133,川崎市中原区,53392562
14133,川崎市中原区,53392563
14133,川崎市中原区,53392564
14133,川崎市中原区,53392570
14133,川崎市中原区,53392571
14133,川崎市中原区,53392572
14133,川崎市中原区,53392573
14133,川崎市中原区,53392574
14133,川崎市中原区,53392580
14133,川崎市中原区,53392581
14133,川崎市中原区,53392582
14133,川崎市中原区,53392583
14133,川崎市中原区,53392584
14133,川崎市中原区,53392590
14133,川崎市中原区,53392591
14133,川崎市中原区,53392592
14133,川崎市中原区,53392593
14133,川崎市中原区,53393500
14133,川崎市中原区,53393501
14133,川崎市中原区,53393502
14133,川崎市中原区,53393503
14133,川崎市中原区,53393510
14133,川崎市中原区,53393511
14133,川崎市中原区,53393512
14134,川崎市高津区,53392478
14134,川崎市高津区,53392479
14134,川崎市高津区,53392488
14134,川崎市高津区,53392489
14134,川崎市高津区,53392498
14134,川崎市高津区,53392499
14134,川崎市高津区,53392570
14134,川崎市高津区,53392571
14134,川崎市高津区,53392580
14134,川崎市高津区,53392581
14134,川崎市高津区,53392590
14134,川崎市高津区,53393407
14134,川崎市高津区,53393408
14134,川崎市高津区,53393409
14134,川崎市高津区,53393416
14134,川崎市高津区,53393417
14134,川崎市高津区,53393418
14134,川崎市高津区,53393419
14134,川崎市高津区,53393427
14134,川崎市高津区,53393428
14134,川崎市高津区,53393429
14134,川崎市高津区,53393437
14134,川崎市高津区,53393438
14134,川崎市高津区,53393439
14134,川崎市高津区,53393447
14134,川崎市高津区,53393448
14134,川崎市高津区,53393500
14134,川崎市高津区,53393510
14134,川崎市高津区,53393511
14134,川崎市高津区,53393520
14134,川崎市高津区,53393521
14134,川崎市高津区,53393530
14135,川崎市多摩区,53393412
14135,川崎市多摩区,53393413
14135,川崎市多摩区,53393421
14135,川崎市多摩区,53393422
14135,川崎市多摩区,53393423
14135,川崎市多摩区,53393424
14135,川崎市多摩区,53393425
14135,川崎市多摩区,53393426
14135,川崎市多摩区,53393427
14135,川崎市多摩区,53393431
14135,川崎市多摩区,53393432
14135,川崎市多摩区,53393433
14135,川崎市多摩区,53393434
14135,川崎市多摩区,53393435
14135,川崎市多摩区,53393436
14135,川崎市多摩区,53393437
14135,川崎市多摩区,53393438
14135,川崎市多摩区,53393441
14135,川崎市多摩区,53393442
14135,川崎市多摩区,53393443
14135,川崎市多摩区,53393444
14135,川崎市多摩区,53393445
14135,川崎市多摩区,53393446
14135,川崎市多摩区,53393447
14135,川崎市多摩区,53393451
14135,川崎市多摩区,53393452
14135,川崎市多摩区,53393453
14135,川崎市多摩区,53393454
14135,川崎市多摩区,53393455
14135,川崎市多摩区,53393461
14135,川崎市多摩区,53393462
14135,川崎市多摩区,53393463
14135,川崎市多摩区,53393464
14135,川崎市多摩区,53393471
14135,川崎市多摩区,53393472
14136,川崎市宮前区,53392477
14136,川崎市宮前区,53392478
14136,川崎市宮前区,53392485
14136,川崎市宮前区,53392486
14136,川崎市宮前区,53392487
14136,川崎市宮前区,53392488
14136,川崎市宮前区,53392489
14136,川崎市宮前区,53392494
14136,川崎市宮前区,53392495
14136,川崎市宮前区,53392496
14136,川崎市宮前区,53392497
14136,川崎市宮前区,53392498
14136,川崎市宮前区,53392499
14136,川崎市宮前区,53393402
14136,川崎市宮前区,53393403
14136,川崎市宮前区,53393404
14136,川崎市宮前区,53393405
14136,川崎市宮前区,53393406
14136,川崎市宮前区,53393407
14136,川崎市宮前区,53393408
14136,川崎市宮前区,53393412
14136,川崎市宮前区,53393413
14136,川崎市宮前区,53393414
14136,川崎市宮前区,53393415
14136,川崎市宮前区,53393416
14136,川崎市宮前区,53393417
14136,川崎市宮前区,53393423
14136,川崎市宮前区,53393424
14136,川崎市宮前区,53393425
14136,川崎市宮前区,53393426
14136,川崎市宮前区,53393427
14137,川崎市麻生区,53392387
14137,川崎市麻生区,53392388
14137,川崎市麻生区,53392397
14137,川崎市麻生区,53392398
14137,川崎市麻生区,53392399
14137,川崎市麻生区,53392480
14137,川崎市麻生区,53392481
14137,川崎市麻生区,53392490
14137,川崎市麻生区,53392491
14137,川崎市麻生区,53392492
14137,川崎市麻生区,53393308
14137,川崎市麻生区,53393309
14137,川崎市麻生区,53393317
14137,川崎市麻生区,53393318
14137,川崎市麻生区,53393319
14137,川崎市麻生区,53393326
14137,川崎市麻生区,53393327
14137,川崎市麻生区,53393328
14137,川崎市麻生区,53393329
14137,川崎市麻生区,53393335
14137,川崎市麻生区,53393336
14137,川崎市麻生区,53393337
14137,川崎市麻生区,53393338
14137,川崎市麻生区,53393339
14137,川崎市麻生区,53393346
14137,川崎市麻生区,53393347
14137,川崎市麻生区,53393348
14137,川崎市麻生区,53393349
14137,川崎市麻生区,53393400
14137,川崎市麻生区,53393401
14137,川崎市麻生区,53393402
14137,川崎市麻生区,53393410
14137,川崎市麻生区,53393411
14137,川崎市麻生区,53393412
14137,川崎市麻生区,53393420
14137,川崎市麻生区,53393421
14137,川崎市麻生区,53393422
14137,川崎市麻生区,53393430
14137,川崎市麻生区,53393431
14137,川崎市麻生区,53393432
14137,川崎市麻生区,53393440
14137,川崎市麻生区,53393441
14137,川崎市麻生区,53393442
14151,相模原市緑区,53391077
14151,相模原市緑区,53391078
14151,相模原市緑区,53391079
14151,相模原市緑区,53391087
14151,相模原市緑区,53391088
14151,相模原市緑区,53391089
14151,相模原市緑区,53391095
14151,相模原市緑区,53391096
14151,相模原市緑区,53391097
14151,相模原市緑区,53391098
14151,相模原市緑区,53391099
14151,相模原市緑区,53391163
14151,相模原市緑区,53391170
14151,相模原市緑区,53391171
14151,相模原市緑区,53391172
14151,相模原市緑区,53391173
14151,相模原市緑区,53391180
14151,相模原市緑区,53391181
14151,相模原市緑区,53391182
14151,相模原市緑区,53391183
14151,相模原市緑区,53391184
14151,相模原市緑区,53391190
14151,相模原市緑区,53391191
14151,相模原市緑区,53391192
14151,相模原市緑区,53391193
14151,相模原市緑区,53391194
14151,相模原市緑区,53392005
14151,相模原市緑区,53392006
14151,相模原市緑区,53392007
14151,相模原市緑区,53392008
14151,相模原市緑区,53392009
14151,相模原市緑区,53392015
14151,相模原市緑区,53392016
14151,相模原市緑区,53392017
14151,相模原市緑区,53392018
14151,相模原市緑区,53392019
14151,相模原市緑区,53392027
14151,相模原市緑区,53392028
14151,相模原市緑区,53392029
14151,相模原市緑区,53392038
14151,相模原市緑区,53392039
14151,相模原市緑区,53392048
14151,相模原市緑区,53392049
14151,相模原市緑区,53392058
14151,相模原市緑区,53392059
14151,相模原市緑区,53392069
14151,相模原市緑区,53392079
14151,相模原市緑区,53392099
14151,相模原市緑区,53392100
14151,相模原市緑区,53392101
14151,相模原市緑区,53392102
14151,相模原市緑区,53392103
14151,相模原市緑区,53392104
14151,相模原市緑区,53392105
14151,相模原市緑区,53392106
14151,相模原市緑区,53392110
14151,相模原市緑区,53392111
14151,相模原市緑区,53392112
14151,相模原市緑区,53392113
14151,相模原市緑区,53392114
14151,相模原市緑区,53392115
14151,相模原市緑区,53392116
14151,相模原市緑区,53392120
14151,相模原市緑区,53392121
14151,相模原市緑区,53392122
14151,相模原市緑区,53392123
14151,相模原市緑区,53392124
14151,相模原市緑区,53392125
14151,相模原市緑区,53392126
14151,相模原市緑区,53392127
14151,相模原市緑区,53392130
14151,相模原市緑区,53392131
14151,相模原市緑区,53392132
14151,相模原市緑区,53392133
14151,相模原市緑区,53392134
14151,相模原市緑区,53392135
14151,相模原市緑区,53392136
14151,相模原市緑区,53392137
14151,相模原市緑区,53392138
14151,相模原市緑区,53392140
14151,相模原市緑区,53392141
14151,相模原市緑区,53392142
14151,相模原市緑区,53392143
14151,相模原市緑区,53392144
14151,相模原市緑区,53392145
14151,相模原市緑区,53392146
14151,相模原市緑区,53392147
14151,相模原市緑区,53392148
14151,相模原市緑区,53392149
14151,相模原市緑区,53392150
14151,相模原市緑区,53392151
14151,相模原市緑区,53392152
14151,相模原市緑区,53392153
14151,相模原市緑区,53392154
14151,相模原市緑区,53392155
14151,相模原市緑区,53392156
14151,相模原市緑区,53392157
14151,相模原市緑区,53392158
14151,相模原市緑区,53392159
14151,相模原市緑区,53392160
14151,相模原市緑区,53392161
14151,相模原市緑区,53392162
14151,相模原市緑区,53392163
14151,相模原市緑区,53392164
14151,相模原市緑区,53392165
14151,相模原市緑区,53392166
14151,相模原市緑区,53392167
14151,相模原市緑区,53392168
14151,相模原市緑区,53392169
14151,相模原市緑区,53392170
14151,相模原市緑区,53392171
14151,相模原市緑区,53392172
14151,相模原市緑区,53392173
14151,相模原市緑区,53392174
14151,相模原市緑区,53392175
14151,相模原市緑区,53392176
14151,相模原市緑区,53392177
14151,相模原市緑区,53392178
14151,相模原市緑区,53392179
14151,相模原市緑区,53392180
14151,相模原市緑区,53392181
14151,相模原市緑区,53392182
14151,相模原市緑区,53392183
14151,相模原市緑区,53392184
14151,相模原市緑区,53392185
14151,相模原市緑区,53392186
14151,相模原市緑区,53392187
14151,相模原市緑区,53392188
14151,相模原市緑区,53392189
14151,相模原市緑区,53392190
14151,相模原市緑区,53392191
14151,相模原市緑区,53392192
14151,相模原市緑区,53392193
14151,相模原市緑区,53392194
14151,相模原市緑区,53392195
14151,相模原市緑区,53392196
14151,相模原市緑区,53392197
14151,相模原市緑区,53392198
14151,相模原市緑区,53392199
14151,相模原市緑区,53392245
14151,相模原市緑区,53392246
14151,相模原市緑区,53392250
14151,相模原市緑区,53392251
14151,相模原市緑区,53392252
14151,相模原市緑区,53392254
14151,相模原市緑区,53392255
14151,相模原市緑区,53392256
14151,相模原市緑区,53392260
14151,相模原市緑区,53392261
14151,相模原市緑区,53392262
14151,相模原市緑区,53392263
14151,相模原市緑区,53392264
14151,相模原市緑区,53392265
14151,相模原市緑区,53392270
14151,相模原市緑区,53392271
14151,相模原市緑区,53392272
14151,相模原市緑区,53392273
14151,相模原市緑区,53392274
14151,相模原市緑区,53392275
14151,相模原市緑区,53392276
14151,相模原市緑区,53392277
14151,相模原市緑区,53392278
14151,相模原市緑区,53392280
14151,相模原市緑区,53392281
14151,相模原市緑区,53392282
14151,相模原市緑区,53392283
14151,相模原市緑区,53392284
14151,相模原市緑区,53392285
14151,相模原市緑区,53392286
14151,相模原市緑区,53392287
14151,相模原市緑区,53392288
14151,相模原市緑区,53392290
14151,相模原市緑区,53392291
14151,相模原市緑区,53392292
14151,相模原市緑区,53392293
14151,相模原市緑区,53392294
14151,相模原市緑区,53392295
14151,相模原市緑区,53392296
14151,相模原市緑区,53392297
14151,相模原市緑区,53393009
14151,相模原市緑区,53393019
14151,相模原市緑区,53393049
14151,相模原市緑区,53393059
14151,相模原市緑区,53393069
14151,相模原市緑区,53393079
14151,相模原市緑区,53393089
14151,相模原市緑区,53393099
14151,相模原市緑区,53393100
14151,相模原市緑区,53393101
14151,相模原市緑区,53393102
14151,相模原市緑区,53393103
14151,相模原市緑区,53393104
14151,相模原市緑区,53393105
14151,相模原市緑区,53393106
14151,相模原市緑区,53393107
14151,相模原市緑区,53393108
14151,相模原市緑区,53393109
14151,相模原市緑区,53393110
14151,相模原市緑区,53393111
14151,相模原市緑区,53393112
14151,相模原市緑区,53393113
14151,相模原市緑区,53393114
14151,相模原市緑区,53393115
14151,相模原市緑区,53393116
14151,相模原市緑区,53393117
14151,相模原市緑区,53393118
14151,相模原市緑区,53393119
14151,相模原市緑区,53393120
14151,相模原市緑区,53393121
14151,相模原市緑区,53393122
14151,相模原市緑区,53393123
14151,相模原市緑区,53393124
14151,相模原市緑区,53393125
14151,相模原市緑区,53393126
14151,相模原市緑区,53393127
14151,相模原市緑区,53393128
14151,相模原市緑区,53393129
14151,相模原市緑区,53393130
14151,相模原市緑区,53393131
14151,相模原市緑区,53393132
14151,相模原市緑区,53393133
14151,相模原市緑区,53393134
14151,相模原市緑区,53393135
14151,相模原市緑区,53393136
14151,相模原市緑区,53393137
14151,相模原市緑区,53393138
14151,相模原市緑区,53393139
14151,相模原市緑区,53393140
14151,相模原市緑区,53393141
14151,相模原市緑区,53393142
14151,相模原市緑区,53393143
14151,相模原市緑区,53393144
14151,相模原市緑区,53393145
14151,相模原市緑区,53393146
14151,相模原市緑区,53393147
14151,相模原市緑区,53393148
14151,相模原市緑区,53393150
14151,相模原市緑区,53393151
14151,相模原市緑区,53393152
14151,相模原市緑区,53393153
14151,相模原市緑区,53393154
14151,相模原市緑区,53393155
14151,相模原市緑区,53393156
14151,相模原市緑区,53393157
14151,相模原市緑区,53393160
14151,相模原市緑区,53393161
14151,相模原市緑区,53393162
14151,相模原市緑区,53393163
14151,相模原市緑区,53393164
14151,相模原市緑区,53393165
14151,相模原市緑区,53393166
14151,相模原市緑区,53393167
14151,相模原市緑区,53393170
14151,相模原市緑区,53393171
14151,相模原市緑区,53393172
14151,相模原市緑区,53393173
14151,相模原市緑区,53393174
14151,相模原市緑区,53393175
14151,相模原市緑区,53393176
14151,相模原市緑区,53393177
14151,相模原市緑区,53393180
14151,相模原市緑区,53393181
14151,相模原市緑区,53393182
14151,相模原市緑区,53393183
14151,相模原市緑区,53393184
14151,相模原市緑区,53393185
14151,相模原市緑区,53393186
14151,相模原市緑区,53393190
14151,相模原市緑区,53393191
14151,相模原市緑区,53393192
14151,相模原市緑区,53393193
14151,相模原市緑区,53393200
14151,相模原市緑区,53393201
14151,相模原市緑区,53393202
14151,相模原市緑区,53393203
14151,相模原市緑区,53393204
14151,相模原市緑区,53393205
14151,相模原市緑区,53393206
14151,相模原市緑区,53393207
14151,相模原市緑区,53393208
14151,相模原市緑区,53393210
14151,相模原市緑区,53393211
14151,相模原市緑区,53393212
14151,相模原市緑区,53393213
14151,相模原市緑区,53393214
14151,相模原市緑区,53393215
14151,相模原市緑区,53393216
14151,相模原市緑区,53393217
14151,相模原市緑区,53393218
14151,相模原市緑区,53393220
14151,相模原市緑区,53393221
14151,相模原市緑区,53393222
14151,相模原市緑区,53393223
14151,相模原市緑区,53393224
14151,相模原市緑区,53393225
14151,相模原市緑区,53393226
14151,相模原市緑区,53393227
14151,相模原市緑区,53393228
14151,相模原市緑区,53393231
14151,相模原市緑区,53393232
14151,相模原市緑区,53393233
14151,相模原市緑区,53394100
14151,相模原市緑区,53394101
14151,相模原市緑区,53394102
14151,相模原市緑区,53394103
14152,相模原市中央区,53392237
14152,相模原市中央区,53392238
14152,相模原市中央区,53392239
14152,相模原市中央区,53392246
14152,相模原市中央区,53392247
14152,相模原市中央区,53392248
14152,相模原市中央区,53392249
14152,相模原市中央区,53392255
14152,相模原市中央区,53392256
14152,相模原市中央区,53392257
14152,相模原市中央区,53392258
14152,相模原市中央区,53392259
14152,相模原市中央区,53392265
14152,相模原市中央区,53392266
14152,相模原市中央区,53392267
14152,相模原市中央区,53392268
14152,相模原市中央区,53392269
14152,相模原市中央区,53392275
14152,相模原市中央区,53392276
14152,相模原市中央区,53392277
14152,相模原市中央区,53392278
14152,相模原市中央区,53392279
14152,相模原市中央区,53392286
14152,相模原市中央区,53392287
14152,相模原市中央区,53392288
14152,相模原市中央区,53392289
14152,相模原市中央区,53392297
14152,相模原市中央区,53392298
14152,相模原市中央区,53392299
14152,相模原市中央区,53392350
14152,相模原市中央区,53392351
14152,相模原市中央区,53392360
14152,相模原市中央区,53392361
14152,相模原市中央区,53392362
14152,相模原市中央区,53392363
14152,相模原市中央区,53392370
14152,相模原市中央区,53392371
14152,相模原市中央区,53392372
14152,相模原市中央区,53392373
14152,相模原市中央区,53392380
14152,相模原市中央区,53392381
14152,相模原市中央区,53392382
14152,相模原市中央区,53392383
14152,相模原市中央区,53392390
14152,相模原市中央区,53392391
14152,相模原市中央区,53392392
14152,相模原市中央区,53393207
14152,相模原市中央区,53393208
14152,相模原市中央区,53393209
14152,相模原市中央区,53393218
14152,相模原市中央区,53393219
14152,相模原市中央区,53393300
14152,相模原市中央区,53393301
14152,相模原市中央区,53393310
14153,相模原市南区,53391289
14153,相模原市南区,53391299
14153,相模原市南区,53391380
14153,相模原市南区,53391381
14153,相模原市南区,53391390
14153,相模原市南区,53391391
14153,相模原市南区,53391392
14153,相模原市南区,53392209
14153,相模原市南区,53392219
14153,相模原市南区,53392228
14153,相模原市南区,53392229
14153,相模原市南区,53392238
14153,相模原市南区,53392239
14153,相模原市南区,53392248
14153,相模原市南区,53392249
14153,相模原市南区,53392259
14153,相模原市南区,53392300
14153,相模原市南区,53392301
14153,相模原市南区,53392302
14153,相模原市南区,53392303
14153,相模原市南区,53392304
14153,相模原市南区,53392310
14153,相模原市南区,53392311
14153,相模原市南区,53392312
14153,相模原市南区,53392313
14153,相模原市南区,53392314
14153,相模原市南区,53392315
14153,相模原市南区,53392320
14153,相模原市南区,53392321
14153,相模原市南区,53392322
14153,相模原市南区,53392323
14153,相模原市南区,53392324
14153,相模原市南区,53392325
14153,相模原市南区,53392326
14153,相模原市南区,53392330
14153,相模原市南区,53392331
14153,相模原市南区,53392332
14153,相模原市南区,53392333
14153,相模原市南区,53392334
14153,相模原市南区,53392335
14153,相模原市南区,53392336
14153,相模原市南区,53392340
14153,相模原市南区,53392341
14153,相模原市南区,53392342
14153,相模原市南区,53392343
14153,相模原市南区,53392344
14153,相模原市南区,53392345
14153,相模原市南区,53392346
14153,相模原市南区,53392350
14153,相模原市南区,53392351
14153,相模原市南区,53392352
14153,相模原市南区,53392353
14153,相模原市南区,53392354
14153,相模原市南区,53392355
14153,相模原市南区,53392361
14153,相模原市南区,53392362
14153,相模原市南区,53392363
14153,相模原市南区,53392364
14153,相模原市南区,53392372
14153,相模原市南区,53392373
14201,横須賀市,52396428
14201,横須賀市,52396429
14201,横須賀市,52396437
14201,横須賀市,52396438
14201,横須賀市,52396439
14201,横須賀市,52396448
14201,横須賀市,52396449
14201,横須賀市,52396458
14201,横須賀市,52396459
14201,横須賀市,52396467
14201,横須賀市,52396468
14201,横須賀市,52396469
14201,横須賀市,52396477
14201,横須賀市,52396478
14201,横須賀市,52396479
14201,横須賀市,52396487
14201,横須賀市,52396488
14201,横須賀市,52396489
14201,横須賀市,52396496
14201,横須賀市,52396497
14201,横須賀市,52396498
14201,横須賀市,52396499
14201,横須賀市,52396530
14201,横須賀市,52396532
14201,横須賀市,52396533
14201,横須賀市,52396540
14201,横須賀市,52396541
14201,横須賀市,52396542
14201,横須賀市,52396543
14201,横須賀市,52396544
14201,横須賀市,52396545
14201,横須賀市,52396550
14201,横須賀市,52396551
14201,横須賀市,52396552
14201,横須賀市,52396553
14201,横須賀市,52396554
14201,横須賀市,52396555
14201,横須賀市,52396556
14201,横須賀市,52396557
14201,横須賀市,52396558
14201,横須賀市,52396560
14201,横須賀市,52396561
14201,横須賀市,52396562
14201,横須賀市,52396563
14201,横須賀市,52396564
14201,横須賀市,52396565
14201,横須賀市,52396566
14201,横須賀市,52396567
14201,横須賀市,52396568
14201,横須賀市,52396570
14201,横須賀市,52396571
14201,横須賀市,52396572
14201,横須賀市,52396573
14201,横須賀市,52396574
14201,横須賀市,52396575
14201,横須賀市,52396576
14201,横須賀市,52396577
14201,横須賀市,52396578
14201,横須賀市,52396580
14201,横須賀市,52396581
14201,横須賀市,52396582
14201,横須賀市,52396583
14201,横須賀市,52396584
14201,横須賀市,52396585
14201,横須賀市,52396586
14201,横須賀市,52396587
14201,横須賀市,52396588
14201,横須賀市,52396590
14201,横須賀市,52396591
14201,横須賀市,52396592
14201,横須賀市,52396593
14201,横須賀市,52396594
14201,横須賀市,52396595
14201,横須賀市,52396596
14201,横須賀市,52396597
14201,横須賀市,52396598
14201,横須賀市,52396599
14201,横須賀市,52397406
14201,横須賀市,52397407
14201,横須賀市,52397408
14201,横須賀市,52397409
14201,横須賀市,52397418
14201,横須賀市,52397419
14201,横須賀市,52397439
14201,横須賀市,52397449
14201,横須賀市,52397459
14201,横須賀市,52397468
14201,横須賀市,52397469
14201,横須賀市,52397478
14201,横須賀市,52397479
14201,横須賀市,52397489
14201,横須賀市,52397500
14201,横須賀市,52397501
14201,横須賀市,52397502
14201,横須賀市,52397503
14201,横須賀市,52397504
14201,横須賀市,52397505
14201,横須賀市,52397506
14201,横須賀市,52397507
14201,横須賀市,52397508
14201,横須賀市,52397509
14201,横須賀市,52397510
14201,横須賀市,52397511
14201,横須賀市,52397512
14201,横須賀市,52397513
14201,横須賀市,52397514
14201,横須賀市,52397515
14201,横須賀市,52397516
14201,横須賀市,52397517
14201,横須賀市,52397518
14201,横須賀市,52397519
14201,横須賀市,52397520
14201,横須賀市,52397521
14201,横須賀市,52397522
14201,横須賀市,52397523
14201,横須賀市,52397524
14201,横須賀市,52397525
14201,横須賀市,52397530
14201,横須賀市,52397531
14201,横須賀市,52397532
14201,横須賀市,52397533
14201,横須賀市,52397534
14201,横須賀市,52397540
14201,横須賀市,52397541
14201,横須賀市,52397542
14201,横須賀市,52397543
14201,横須賀市,52397544
14201,横須賀市,52397545
14201,横須賀市,52397550
14201,横須賀市,52397551
14201,横須賀市,52397552
14201,横須賀市,52397553
14201,横須賀市,52397554
14201,横須賀市,52397560
14201,横須賀市,52397561
14201,横須賀市,52397562
14201,横須賀市,52397563
14201,横須賀市,52397570
14201,横須賀市,52397571
14201,横須賀市,52397572
14201,横須賀市,52397580
14201,横須賀市,52397581
14201,横須賀市,52397582
14201,横須賀市,52397590
14201,横須賀市,52397591
14201,横須賀市,52397592
14203,平塚市,52397199
14203,平塚市,52397276
14203,平塚市,52397277
14203,平塚市,52397278
14203,平塚市,52397279
14203,平塚市,52397283
14203,平塚市,52397284
14203,平塚市,52397285
14203,平塚市,52397286
14203,平塚市,52397287
14203,平塚市,52397288
14203,平塚市,52397289
14203,平塚市,52397290
14203,平塚市,52397292
14203,平塚市,52397293
14203,平塚市,52397294
14203,平塚市,52397295
14203,平塚市,52397296
14203,平塚市,52397297
14203,平塚市,52397298
14203,平塚市,52397299
14203,平塚市,53390109
14203,平塚市,53390119
14203,平塚市,53390129
14203,平塚市,53390200
14203,平塚市,53390201
14203,平塚市,53390202
14203,平塚市,53390203
14203,平塚市,53390204
14203,平塚市,53390205
14203,平塚市,53390206
14203,平塚市,53390207
14203,平塚市,53390208
14203,平塚市,53390209
14203,平塚市,53390210
14203,平塚市,53390211
14203,平塚市,53390212
14203,平塚市,53390213
14203,平塚市,53390214
14203,平塚市,53390215
14203,平塚市,53390216
14203,平塚市,53390217
14203,平塚市,53390218
14203,平塚市,53390219
14203,平塚市,53390220
14203,平塚市,53390221
14203,平塚市,53390222
14203,平塚市,53390223
14203,平塚市,53390224
14203,平塚市,53390225
14203,平塚市,53390226
14203,平塚市,53390227
14203,平塚市,53390228
14203,平塚市,53390229
14203,平塚市,53390231
14203,平塚市,53390232
14203,平塚市,53390233
14203,平塚市,53390234
14203,平塚市,53390235
14203,平塚市,53390236
14203,平塚市,53390237
14203,平塚市,53390238
14203,平塚市,53390239
14203,平塚市,53390241
14203,平塚市,53390242
14203,平塚市,53390243
14203,平塚市,53390244
14203,平塚市,53390245
14203,平塚市,53390246
14203,平塚市,53390247
14203,平塚市,53390248
14203,平塚市,53390249
14203,平塚市,53390253
14203,平塚市,53390254
14203,平塚市,53390255
14203,平塚市,53390256
14203,平塚市,53390257
14203,平塚市,53390258
14203,平塚市,53390259
14203,平塚市,53390264
14203,平塚市,53390266
14203,平塚市,53390267
14203,平塚市,53390268
14203,平塚市,53390269
14203,平塚市,53390278
14203,平塚市,53390279
14203,平塚市,53390288
14203,平塚市,53390300
14204,鎌倉市,52397369
14204,鎌倉市,52397379
14204,鎌倉市,52397389
14204,鎌倉市,52397399
14204,鎌倉市,52397454
14204,鎌倉市,52397460
14204,鎌倉市,52397461
14204,鎌倉市,52397462
14204,鎌倉市,52397463
14204,鎌倉市,52397464
14204,鎌倉市,52397465
14204,鎌倉市,52397470
14204,鎌倉市,52397471
14204,鎌倉市,52397472
14204,鎌倉市,52397473
14204,鎌倉市,52397474
14204,鎌倉市,52397475
14204,鎌倉市,52397476
14204,鎌倉市,52397480
14204,鎌倉市,52397481
14204,鎌倉市,52397482
14204,鎌倉市,52397483
14204,鎌倉市,52397484
14204,鎌倉市,52397485
14204,鎌倉市,52397486
14204,鎌倉市,52397487
14204,鎌倉市,52397490
14204,鎌倉市,52397491
14204,鎌倉市,52397492
14204,鎌倉市,52397493
14204,鎌倉市,52397494
14204,鎌倉市,52397495
14204,鎌倉市,52397496
14204,鎌倉市,52397497
14204,鎌倉市,53390329
14204,鎌倉市,53390339
14204,鎌倉市,53390400
14204,鎌倉市,53390401
14204,鎌倉市,53390402
14204,鎌倉市,53390403
14204,鎌倉市,53390404
14204,鎌倉市,53390405
14204,鎌倉市,53390406
14204,鎌倉市,53390407
14204,鎌倉市,53390410
14204,鎌倉市,53390411
14204,鎌倉市,53390412
14204,鎌倉市,53390413
14204,鎌倉市,53390414
14204,鎌倉市,53390415
14204,鎌倉市,53390420
14204,鎌倉市,53390421
14204,鎌倉市,53390422
14204,鎌倉市,53390423
14204,鎌倉市,53390424
14204,鎌倉市,53390430
14204,鎌倉市,53390431
14204,鎌倉市,53390432
14204,鎌倉市,53390433
14204,鎌倉市,53390440
14205,藤沢市,52397357
14205,藤沢市,52397358
14205,藤沢市,52397359
14205,藤沢市,52397367
14205,藤沢市,52397368
14205,藤沢市,52397369
14205,藤沢市,52397376
14205,藤沢市,52397377
14205,藤沢市,52397378
14205,藤沢市,52397379
14205,藤沢市,52397385
14205,藤沢市,52397386
14205,藤沢市,52397387
14205,藤沢市,52397388
14205,藤沢市,52397389
14205,藤沢市,52397395
14205,藤沢市,52397396
14205,藤沢市,52397397
14205,藤沢市,52397398
14205,藤沢市,52397399
14205,藤沢市,52397490
14205,藤沢市,53390305
14205,藤沢市,53390306
14205,藤沢市,53390307
14205,藤沢市,53390308
14205,藤沢市,53390309
14205,藤沢市,53390315
14205,藤沢市,53390316
14205,藤沢市,53390317
14205,藤沢市,53390318
14205,藤沢市,53390319
14205,藤沢市,53390324
14205,藤沢市,53390325
14205,藤沢市,53390326
14205,藤沢市,53390327
14205,藤沢市,53390328
14205,藤沢市,53390329
14205,藤沢市,53390334
14205,藤沢市,53390335
14205,藤沢市,53390336
14205,藤沢市,53390337
14205,藤沢市,53390338
14205,藤沢市,53390339
14205,藤沢市,53390344
14205,藤沢市,53390345
14205,藤沢市,53390346
14205,藤沢市,53390347
14205,藤沢市,53390348
14205,藤沢市,53390349
14205,藤沢市,53390352
14205,藤沢市,53390353
14205,藤沢市,53390354
14205,藤沢市,53390355
14205,藤沢市,53390356
14205,藤沢市,53390357
14205,藤沢市,53390358
14205,藤沢市,53390359
14205,藤沢市,53390361
14205,藤沢市,53390362
14205,藤沢市,53390363
14205,藤沢市,53390364
14205,藤沢市,53390365
14205,藤沢市,53390366
14205,藤沢市,53390367
14205,藤沢市,53390368
14205,藤沢市,53390371
14205,藤沢市,53390372
14205,藤沢市,53390373
14205,藤沢市,53390374
14205,藤沢市,53390375
14205,藤沢市,53390376
14205,藤沢市,53390377
14205,藤沢市,53390378
14205,藤沢市,53390381
14205,藤沢市,53390382
14205,藤沢市,53390383
14205,藤沢市,53390384
14205,藤沢市,53390385
14205,藤沢市,53390386
14205,藤沢市,53390387
14205,藤沢市,53390388
14205,藤沢市,53390392
14205,藤沢市,53390393
14205,藤沢市,53390394
14205,藤沢市,53390395
14205,藤沢市,53390396
14205,藤沢市,53390397
14205,藤沢市,53390398
14205,藤沢市,53390400
14205,藤沢市,53390401
14205,藤沢市,53390410
14205,藤沢市,53390411
14205,藤沢市,53390420
14205,藤沢市,53391303
14205,藤沢市,53391304
14205,藤沢市,53391305
14205,藤沢市,53391306
14205,藤沢市,53391307
14205,藤沢市,53391308
14205,藤沢市,53391315
14205,藤沢市,53391316
14205,藤沢市,53391317
14206,小田原市,52396019
14206,小田原市,52396027
14206,小田原市,52396028
14206,小田原市,52396029
14206,小田原市,52396036
14206,小田原市,52396037
14206,小田原市,52396038
14206,小田原市,52396039
14206,小田原市,52396046
14206,小田原市,52396047
14206,小田原市,52396048
14206,小田原市,52396049
14206,小田原市,52396056
14206,小田原市,52396057
14206,小田原市,52396058
14206,小田原市,52396059
14206,小田原市,52396067
14206,小田原市,52396068
14206,小田原市,52396069
14206,小田原市,52396078
14206,小田原市,52396079
14206,小田原市,52396085
14206,小田原市,52396086
14206,小田原市,52396087
14206,小田原市,52396088
14206,小田原市,52396089
14206,小田原市,52396094
14206,小田原市,52396095
14206,小田原市,52396096
14206,小田原市,52396097
14206,小田原市,52396098
14206,小田原市,52396099
14206,小田原市,52396110
14206,小田原市,52396120
14206,小田原市,52396121
14206,小田原市,52396130
14206,小田原市,52396131
14206,小田原市,52396140
14206,小田原市,52396141
14206,小田原市,52396150
14206,小田原市,52396151
14206,小田原市,52396160
14206,小田原市,52396161
14206,小田原市,52396170
14206,小田原市,52396171
14206,小田原市,52396180
14206,小田原市,52396181
14206,小田原市,52396182
14206,小田原市,52396190
14206,小田原市,52396191
14206,小田原市,52396192
14206,小田原市,52396193
14206,小田原市,52397004
14206,小田原市,52397005
14206,小田原市,52397006
14206,小田原市,52397007
14206,小田原市,52397008
14206,小田原市,52397009
14206,小田原市,52397014
14206,小田原市,52397015
14206,小田原市,52397016
14206,小田原市,52397017
14206,小田原市,52397018
14206,小田原市,52397019
14206,小田原市,52397024
14206,小田原市,52397025
14206,小田原市,52397026
14206,小田原市,52397027
14206,小田原市,52397028
14206,小田原市,52397029
14206,小田原市,52397036
14206,小田原市,52397037
14206,小田原市,52397038
14206,小田原市,52397039
14206,小田原市,52397049
14206,小田原市,52397100
14206,小田原市,52397101
14206,小田原市,52397102
14206,小田原市,52397103
14206,小田原市,52397104
14206,小田原市,52397110
14206,小田原市,52397111
14206,小田原市,52397112
14206,小田原市,52397113
14206,小田原市,52397114
14206,小田原市,52397115
14206,小田原市,52397120
14206,小田原市,52397121
14206,小田原市,52397122
14206,小田原市,52397123
14206,小田原市,52397124
14206,小田原市,52397125
14206,小田原市,52397126
14206,小田原市,52397130
14206,小田原市,52397131
14206,小田原市,52397132
14206,小田原市,52397133
14206,小田原市,52397134
14206,小田原市,52397135
14206,小田原市,52397136
14206,小田原市,52397137
14206,小田原市,52397138
14206,小田原市,52397140
14206,小田原市,52397141
14206,小田原市,52397142
14206,小田原市,52397143
14206,小田原市,52397144
14206,小田原市,52397145
14206,小田原市,52397146
14206,小田原市,52397147
14206,小田原市,52397148
14206,小田原市,52397150
14206,小田原市,52397151
14206,小田原市,52397152
14206,小田原市,52397153
14206,小田原市,52397154
14206,小田原市,52397155
14206,小田原市,52397156
14206,小田原市,52397157
14206,小田原市,52397158
14206,小田原市,52397159
14206,小田原市,52397160
14206,小田原市,52397161
14206,小田原市,52397162
14206,小田原市,52397163
14206,小田原市,52397164
14206,小田原市,52397165
14206,小田原市,52397166
14206,小田原市,52397167
14206,小田原市,52397168
14206,小田原市,52397169
14206,小田原市,52397170
14206,小田原市,52397171
14206,小田原市,52397172
14206,小田原市,52397173
14206,小田原市,52397174
14206,小田原市,52397175
14206,小田原市,52397176
14206,小田原市,52397177
14206,小田原市,52397178
14206,小田原市,52397179
14206,小田原市,52397180
14206,小田原市,52397181
14206,小田原市,52397182
14206,小田原市,52397183
14206,小田原市,52397184
14206,小田原市,52397185
14206,小田原市,52397187
14206,小田原市,52397188
14206,小田原市,52397193
14206,小田原市,52397194
14207,茅ヶ崎市,52397279
14207,茅ヶ崎市,52397289
14207,茅ヶ崎市,52397299
14207,茅ヶ崎市,52397370
14207,茅ヶ崎市,52397371
14207,茅ヶ崎市,52397380
14207,茅ヶ崎市,52397381
14207,茅ヶ崎市,52397382
14207,茅ヶ崎市,52397383
14207,茅ヶ崎市,52397384
14207,茅ヶ崎市,52397385
14207,茅ヶ崎市,52397390
14207,茅ヶ崎市,52397391
14207,茅ヶ崎市,52397392
14207,茅ヶ崎市,52397393
14207,茅ヶ崎市,52397394
14207,茅ヶ崎市,52397395
14207,茅ヶ崎市,53390209
14207,茅ヶ崎市,53390219
14207,茅ヶ崎市,53390229
14207,茅ヶ崎市,53390300
14207,茅ヶ崎市,53390301
14207,茅ヶ崎市,53390302
14207,茅ヶ崎市,53390303
14207,茅ヶ崎市,53390304
14207,茅ヶ崎市,53390305
14207,茅ヶ崎市,53390310
14207,茅ヶ崎市,53390311
14207,茅ヶ崎市,53390312
14207,茅ヶ崎市,53390313
14207,茅ヶ崎市,53390314
14207,茅ヶ崎市,53390315
14207,茅ヶ崎市,53390320
14207,茅ヶ崎市,53390321
14207,茅ヶ崎市,53390322
14207,茅ヶ崎市,53390323
14207,茅ヶ崎市,53390324
14207,茅ヶ崎市,53390325
14207,茅ヶ崎市,53390331
14207,茅ヶ崎市,53390332
14207,茅ヶ崎市,53390333
14207,茅ヶ崎市,53390334
14207,茅ヶ崎市,53390335
14207,茅ヶ崎市,53390341
14207,茅ヶ崎市,53390342
14207,茅ヶ崎市,53390343
14207,茅ヶ崎市,53390344
14207,茅ヶ崎市,53390345
14207,茅ヶ崎市,53390352
14207,茅ヶ崎市,53390353
14207,茅ヶ崎市,53390354
14207,茅ヶ崎市,53390363
14207,茅ヶ崎市,53390364
14208,逗子市,52397435
14208,逗子市,52397436
14208,逗子市,52397437
14208,逗子市,52397438
14208,逗子市,52397439
14208,逗子市,52397445
14208,逗子市,52397446
14208,逗子市,52397447
14208,逗子市,52397448
14208,逗子市,52397449
14208,逗子市,52397454
14208,逗子市,52397455
14208,逗子市,52397456
14208,逗子市,52397457
14208,逗子市,52397458
14208,逗子市,52397459
14208,逗子市,52397464
14208,逗子市,52397465
14208,逗子市,52397466
14208,逗子市,52397467
14208,逗子市,52397468
14208,逗子市,52397469
14208,逗子市,52397475
14208,逗子市,52397476
14208,逗子市,52397477
14208,逗子市,52397478
14208,逗子市,52397486
14208,逗子市,52397487
14208,逗子市,52397488
14210,三浦市,52395458
14210,三浦市,52395459
14210,三浦市,52395468
14210,三浦市,52395469
14210,三浦市,52395478
14210,三浦市,52395479
14210,三浦市,52395488
14210,三浦市,52395489
14210,三浦市,52395498
14210,三浦市,52395499
14210,三浦市,52395550
14210,三浦市,52395560
14210,三浦市,52395561
14210,三浦市,52395562
14210,三浦市,52395563
14210,三浦市,52395564
14210,三浦市,52395570
14210,三浦市,52395571
14210,三浦市,52395572
14210,三浦市,52395573
14210,三浦市,52395574
14210,三浦市,52395580
14210,三浦市,52395581
14210,三浦市,52395582
14210,三浦市,52395583
14210,三浦市,52395584
14210,三浦市,52395590
14210,三浦市,52395591
14210,三浦市,52395592
14210,三浦市,52395593
14210,三浦市,52396409
14210,三浦市,52396419
14210,三浦市,52396429
14210,三浦市,52396439
14210,三浦市,52396500
14210,三浦市,52396501
14210,三浦市,52396502
14210,三浦市,52396510
14210,三浦市,52396511
14210,三浦市,52396512
14210,三浦市,52396520
14210,三浦市,52396521
14210,三浦市,52396522
14210,三浦市,52396523
14210,三浦市,52396530
14210,三浦市,52396531
14210,三浦市,52396532
14210,三浦市,52396533
14210,三浦市,52396540
14210,三浦市,52396541
14210,三浦市,52396542
14210,三浦市,52396552
14211,秦野市,53390114
14211,秦野市,53390122
14211,秦野市,53390123
14211,秦野市,53390124
14211,秦野市,53390125
14211,秦野市,53390126
14211,秦野市,53390127
14211,秦野市,53390128
14211,秦野市,53390129
14211,秦野市,53390132
14211,秦野市,53390133
14211,秦野市,53390134
14211,秦野市,53390135
14211,秦野市,53390136
14211,秦野市,53390137
14211,秦野市,53390138
14211,秦野市,53390139
14211,秦野市,53390141
14211,秦野市,53390142
14211,秦野市,53390143
14211,秦野市,53390144
14211,秦野市,53390145
14211,秦野市,53390146
14211,秦野市,53390147
14211,秦野市,53390148
14211,秦野市,53390149
14211,秦野市,53390151
14211,秦野市,53390152
14211,秦野市,53390153
14211,秦野市,53390154
14211,秦野市,53390155
14211,秦野市,53390156
14211,秦野市,53390157
14211,秦野市,53390158
14211,秦野市,53390159
14211,秦野市,53390161
14211,秦野市,53390162
14211,秦野市,53390163
14211,秦野市,53390164
14211,秦野市,53390165
14211,秦野市,53390166
14211,秦野市,53390167
14211,秦野市,53390168
14211,秦野市,53390169
14211,秦野市,53390171
14211,秦野市,53390172
14211,秦野市,53390173
14211,秦野市,53390174
14211,秦野市,53390175
14211,秦野市,53390176
14211,秦野市,53390177
14211,秦野市,53390178
14211,秦野市,53390179
14211,秦野市,53390181
14211,秦野市,53390182
14211,秦野市,53390183
14211,秦野市,53390184
14211,秦野市,53390185
14211,秦野市,53390186
14211,秦野市,53390187
14211,秦野市,53390188
14211,秦野市,53390189
14211,秦野市,53390191
14211,秦野市,53390192
14211,秦野市,53390193
14211,秦野市,53390194
14211,秦野市,53390195
14211,秦野市,53390196
14211,秦野市,53390197
14211,秦野市,53390198
14211,秦野市,53390199
14211,秦野市,53390220
14211,秦野市,53390221
14211,秦野市,53390230
14211,秦野市,53390231
14211,秦野市,53390240
14211,秦野市,53390241
14211,秦野市,53390242
14211,秦野市,53390243
14211,秦野市,53390250
14211,秦野市,53390251
14211,秦野市,53390252
14211,秦野市,53390253
14211,秦野市,53390260
14211,秦野市,53390261
14211,秦野市,53390262
14211,秦野市,53390270
14211,秦野市,53390280
14211,秦野市,53391101
14211,秦野市,53391102
14211,秦野市,53391103
14211,秦野市,53391104
14211,秦野市,53391105
14211,秦野市,53391106
14211,秦野市,53391107
14211,秦野市,53391108
14211,秦野市,53391109
14211,秦野市,53391111
14211,秦野市,53391112
14211,秦野市,53391113
14211,秦野市,53391114
14211,秦野市,53391115
14211,秦野市,53391116
14211,秦野市,53391117
14211,秦野市,53391118
14211,秦野市,53391121
14211,秦野市,53391122
14211,秦野市,53391123
14211,秦野市,53391124
14211,秦野市,53391125
14211,秦野市,53391126
14211,秦野市,53391127
14211,秦野市,53391128
14211,秦野市,53391131
14211,秦野市,53391132
14211,秦野市,53391133
14211,秦野市,53391134
14211,秦野市,53391135
14211,秦野市,53391136
14211,秦野市,53391137
14211,秦野市,53391138
14211,秦野市,53391142
14211,秦野市,53391143
14211,秦野市,53391144
14211,秦野市,53391145
14211,秦野市,53391146
14211,秦野市,53391147
14211,秦野市,53391148
14211,秦野市,53391156
14211,秦野市,53391157
14211,秦野市,53391158
14212,厚木市,53390278
14212,厚木市,53390279
14212,厚木市,53390287
14212,厚木市,53390288
14212,厚木市,53390289
14212,厚木市,53390297
14212,厚木市,53390298
14212,厚木市,53390299
14212,厚木市,53391128
14212,厚木市,53391129
14212,厚木市,53391138
14212,厚木市,53391139
14212,厚木市,53391148
14212,厚木市,53391149
14212,厚木市,53391158
14212,厚木市,53391159
14212,厚木市,53391204
14212,厚木市,53391205
14212,厚木市,53391206
14212,厚木市,53391207
14212,厚木市,53391208
14212,厚木市,53391209
14212,厚木市,53391214
14212,厚木市,53391215
14212,厚木市,53391216
14212,厚木市,53391217
14212,厚木市,53391218
14212,厚木市,53391219
14212,厚木市,53391222
14212,厚木市,53391223
14212,厚木市,53391224
14212,厚木市,53391225
14212,厚木市,53391226
14212,厚木市,53391227
14212,厚木市,53391228
14212,厚木市,53391229
14212,厚木市,53391230
14212,厚木市,53391231
14212,厚木市,53391232
14212,厚木市,53391233
14212,厚木市,53391234
14212,厚木市,53391235
14212,厚木市,53391236
14212,厚木市,53391237
14212,厚木市,53391238
14212,厚木市,53391239
14212,厚木市,53391240
14212,厚木市,53391241
14212,厚木市,53391242
14212,厚木市,53391243
14212,厚木市,53391244
14212,厚木市,53391245
14212,厚木市,53391246
14212,厚木市,53391247
14212,厚木市,53391248
14212,厚木市,53391249
14212,厚木市,53391250
14212,厚木市,53391251
14212,厚木市,53391252
14212,厚木市,53391253
14212,厚木市,53391254
14212,厚木市,53391255
14212,厚木市,53391256
14212,厚木市,53391257
14212,厚木市,53391258
14212,厚木市,53391259
14212,厚木市,53391263
14212,厚木市,53391264
14212,厚木市,53391265
14212,厚木市,53391266
14212,厚木市,53391267
14212,厚木市,53391268
14212,厚木市,53391269
14212,厚木市,53391273
14212,厚木市,53391274
14212,厚木市,53391275
14212,厚木市,53391276
14212,厚木市,53391277
14212,厚木市,53391278
14212,厚木市,53391279
14212,厚木市,53391282
14212,厚木市,53391283
14212,厚木市,53391284
14212,厚木市,53391285
14212,厚木市,53391286
14212,厚木市,53391287
14212,厚木市,53391288
14212,厚木市,53391289
14212,厚木市,53391292
14212,厚木市,53391293
14212,厚木市,53391294
14212,厚木市,53391295
14212,厚木市,53391296
14212,厚木市,53391297
14212,厚木市,53391298
14212,厚木市,53391299
14212,厚木市,53391340
14212,厚木市,53391350
14212,厚木市,53391360
14212,厚木市,53391370
14212,厚木市,53392202
14212,厚木市,53392203
14212,厚木市,53392204
14212,厚木市,53392205
14212,厚木市,53392206
14212,厚木市,53392207
14212,厚木市,53392208
14212,厚木市,53392209
14212,厚木市,53392212
14212,厚木市,53392213
14212,厚木市,53392214
14212,厚木市,53392215
14212,厚木市,53392217
14212,厚木市,53392218
14212,厚木市,53392219
14212,厚木市,53392223
14212,厚木市,53392224
14212,厚木市,53392227
14212,厚木市,53392228
14212,厚木市,53392229
14212,厚木市,53392238
14212,厚木市,53392300
14212,厚木市,53392310
14213,大和市,53391306
14213,大和市,53391307
14213,大和市,53391315
14213,大和市,53391316
14213,大和市,53391317
14213,大和市,53391325
14213,大和市,53391326
14213,大和市,53391327
14213,大和市,53391328
14213,大和市,53391335
14213,大和市,53391336
14213,大和市,53391337
14213,大和市,53391338
14213,大和市,53391346
14213,大和市,53391347
14213,大和市,53391348
14213,大和市,53391356
14213,大和市,53391357
14213,大和市,53391364
14213,大和市,53391365
14213,大和市,53391366
14213,大和市,53391367
14213,大和市,53391374
14213,大和市,53391375
14213,大和市,53391376
14213,大和市,53391377
14213,大和市,53391384
14213,大和市,53391385
14213,大和市,53391386
14213,大和市,53391387
14213,大和市,53391394
14213,大和市,53391395
14213,大和市,53391396
14213,大和市,53391397
14213,大和市,53392304
14213,大和市,53392305
14213,大和市,53392306
14213,大和市,53392307
14213,大和市,53392314
14213,大和市,53392315
14213,大和市,53392316
14213,大和市,53392317
14213,大和市,53392325
14213,大和市,53392326
14213,大和市,53392327
14214,伊勢原市,53390189
14214,伊勢原市,53390199
14214,伊勢原市,53390245
14214,伊勢原市,53390250
14214,伊勢原市,53390252
14214,伊勢原市,53390253
14214,伊勢原市,53390254
14214,伊勢原市,53390255
14214,伊勢原市,53390256
14214,伊勢原市,53390257
14214,伊勢原市,53390258
14214,伊勢原市,53390260
14214,伊勢原市,53390261
14214,伊勢原市,53390262
14214,伊勢原市,53390263
14214,伊勢原市,53390264
14214,伊勢原市,53390265
14214,伊勢原市,53390266
14214,伊勢原市,53390267
14214,伊勢原市,53390268
14214,伊勢原市,53390270
14214,伊勢原市,53390271
14214,伊勢原市,53390272
14214,伊勢原市,53390273
14214,伊勢原市,53390274
14214,伊勢原市,53390275
14214,伊勢原市,53390276
14214,伊勢原市,53390277
14214,伊勢原市,53390278
14214,伊勢原市,53390280
14214,伊勢原市,53390281
14214,伊勢原市,53390282
14214,伊勢原市,53390283
14214,伊勢原市,53390284
14214,伊勢原市,53390285
14214,伊勢原市,53390286
14214,伊勢原市,53390287
14214,伊勢原市,53390288
14214,伊勢原市,53390290
14214,伊勢原市,53390291
14214,伊勢原市,53390292
14214,伊勢原市,53390293
14214,伊勢原市,53390294
14214,伊勢原市,53390295
14214,伊勢原市,53390296
14214,伊勢原市,53390297
14214,伊勢原市,53391108
14214,伊勢原市,53391109
14214,伊勢原市,53391118
14214,伊勢原市,53391119
14214,伊勢原市,53391128
14214,伊勢原市,53391129
14214,伊勢原市,53391139
14214,伊勢原市,53391200
14214,伊勢原市,53391201
14214,伊勢原市,53391202
14214,伊勢原市,53391203
14214,伊勢原市,53391204
14214,伊勢原市,53391205
14214,伊勢原市,53391206
14214,伊勢原市,53391207
14214,伊勢原市,53391210
14214,伊勢原市,53391211
14214,伊勢原市,53391212
14214,伊勢原市,53391213
14214,伊勢原市,53391214
14214,伊勢原市,53391215
14214,伊勢原市,53391216
14214,伊勢原市,53391220
14214,伊勢原市,53391221
14214,伊勢原市,53391222
14214,伊勢原市,53391223
14214,伊勢原市,53391224
14214,伊勢原市,53391230
14214,伊勢原市,53391231
14214,伊勢原市,53391232
14215,海老名市,53390289
14215,海老名市,53390299
14215,海老名市,53390371
14215,海老名市,53390380
14215,海老名市,53390381
14215,海老名市,53390382
14215,海老名市,53390390
14215,海老名市,53390391
14215,海老名市,53390392
14215,海老名市,53391209
14215,海老名市,53391219
14215,海老名市,53391229
14215,海老名市,53391239
14215,海老名市,53391249
14215,海老名市,53391300
14215,海老名市,53391301
14215,海老名市,53391302
14215,海老名市,53391310
14215,海老名市,53391311
14215,海老名市,53391312
14215,海老名市,53391320
14215,海老名市,53391321
14215,海老名市,53391322
14215,海老名市,53391330
14215,海老名市,53391331
14215,海老名市,53391332
14215,海老名市,53391340
14215,海老名市,53391341
14215,海老名市,53391342
14215,海老名市,53391343
14215,海老名市,53391350
14215,海老名市,53391351
14215,海老名市,53391352
14215,海老名市,53391353
14215,海老名市,53391354
14215,海老名市,53391360
14215,海老名市,53391361
14215,海老名市,53391362
14215,海老名市,53391363
14215,海老名市,53391364
14215,海老名市,53391374
14216,座間市,53391279
14216,座間市,53391289
14216,座間市,53391299
14216,座間市,53391360
14216,座間市,53391361
14216,座間市,53391362
14216,座間市,53391363
14216,座間市,53391364
14216,座間市,53391370
14216,座間市,53391371
14216,座間市,53391372
14216,座間市,53391373
14216,座間市,53391374
14216,座間市,53391375
14216,座間市,53391380
14216,座間市,53391381
14216,座間市,53391382
14216,座間市,53391383
14216,座間市,53391384
14216,座間市,53391385
14216,座間市,53391391
14216,座間市,53391392
14216,座間市,53391393
14216,座間市,53391394
14216,座間市,53392302
14216,座間市,53392303
14216,座間市,53392304
14216,座間市,53392313
14216,座間市,53392314
14217,南足柄市,52397024
14217,南足柄市,52397025
14217,南足柄市,52397026
14217,南足柄市,52397030
14217,南足柄市,52397031
14217,南足柄市,52397032
14217,南足柄市,52397033
14217,南足柄市,52397034
14217,南足柄市,52397035
14217,南足柄市,52397036
14217,南足柄市,52397037
14217,南足柄市,52397038
14217,南足柄市,52397039
14217,南足柄市,52397040
14217,南足柄市,52397041
14217,南足柄市,52397042
14217,南足柄市,52397043
14217,南足柄市,52397044
14217,南足柄市,52397045
14217,南足柄市,52397046
14217,南足柄市,52397047
14217,南足柄市,52397048
14217,南足柄市,52397049
14217,南足柄市,52397050
14217,南足柄市,52397051
14217,南足柄市,52397052
14217,南足柄市,52397053
14217,南足柄市,52397054
14217,南足柄市,52397055
14217,南足柄市,52397056
14217,南足柄市,52397057
14217,南足柄市,52397058
14217,南足柄市,52397059
14217,南足柄市,52397060
14217,南足柄市,52397061
14217,南足柄市,52397062
14217,南足柄市,52397063
14217,南足柄市,52397064
14217,南足柄市,52397065
14217,南足柄市,52397066
14217,南足柄市,52397067
14217,南足柄市,52397068
14217,南足柄市,52397069
14217,南足柄市,52397070
14217,南足柄市,52397071
14217,南足柄市,52397072
14217,南足柄市,52397073
14217,南足柄市,52397074
14217,南足柄市,52397075
14217,南足柄市,52397076
14217,南足柄市,52397077
14217,南足柄市,52397078
14217,南足柄市,52397079
14217,南足柄市,52397080
14217,南足柄市,52397081
14217,南足柄市,52397082
14217,南足柄市,52397083
14217,南足柄市,52397084
14217,南足柄市,52397085
14217,南足柄市,52397086
14217,南足柄市,52397087
14217,南足柄市,52397088
14217,南足柄市,52397089
14217,南足柄市,52397091
14217,南足柄市,52397092
14217,南足柄市,52397093
14217,南足柄市,52397094
14217,南足柄市,52397095
14217,南足柄市,52397096
14217,南足柄市,52397097
14217,南足柄市,52397098
14217,南足柄市,52397099
14217,南足柄市,52397140
14217,南足柄市,52397141
14217,南足柄市,52397150
14217,南足柄市,52397160
14217,南足柄市,52397170
14217,南足柄市,52397180
14217,南足柄市,53390002
14217,南足柄市,53390003
14217,南足柄市,53390004
14217,南足柄市,53390005
14217,南足柄市,53390006
14217,南足柄市,53390007
14217,南足柄市,53390008
14217,南足柄市,53390009
14217,南足柄市,53390012
14217,南足柄市,53390013
14217,南足柄市,53390014
14217,南足柄市,53390015
14217,南足柄市,53390016
14217,南足柄市,53390017
14217,南足柄市,53390018
14217,南足柄市,53390024
14217,南足柄市,53390026
14217,南足柄市,53390027
14217,南足柄市,53390028
14218,綾瀬市,53390382
14218,綾瀬市,53390385
14218,綾瀬市,53390392
14218,綾瀬市,53390393
14218,綾瀬市,53390394
14218,綾瀬市,53390395
14218,綾瀬市,53390396
14218,綾瀬市,53391302
14218,綾瀬市,53391303
14218,綾瀬市,53391304
14218,綾瀬市,53391305
14218,綾瀬市,53391306
14218,綾瀬市,53391312
14218,綾瀬市,53391313
14218,綾瀬市,53391314
14218,綾瀬市,53391315
14218,綾瀬市,53391322
14218,綾瀬市,53391323
14218,綾瀬市,53391324
14218,綾瀬市,53391325
14218,綾瀬市,53391332
14218,綾瀬市,53391333
14218,綾瀬市,53391334
14218,綾瀬市,53391335
14218,綾瀬市,53391336
14218,綾瀬市,53391342
14218,綾瀬市,53391343
14218,綾瀬市,53391344
14218,綾瀬市,53391345
14218,綾瀬市,53391346
14218,綾瀬市,53391353
14218,綾瀬市,53391354
14218,綾瀬市,53391355
14218,綾瀬市,53391356
14218,綾瀬市,53391363
14218,綾瀬市,53391364
14218,綾瀬市,53391365
14218,綾瀬市,53391366
14301,三浦郡葉山町,52397406
14301,三浦郡葉山町,52397407
14301,三浦郡葉山町,52397408
14301,三浦郡葉山町,52397409
14301,三浦郡葉山町,52397415
14301,三浦郡葉山町,52397416
14301,三浦郡葉山町,52397417
14301,三浦郡葉山町,52397418
14301,三浦郡葉山町,52397419
14301,三浦郡葉山町,52397425
14301,三浦郡葉山町,52397426
14301,三浦郡葉山町,52397427
14301,三浦郡葉山町,52397428
14301,三浦郡葉山町,52397429
14301,三浦郡葉山町,52397435
14301,三浦郡葉山町,52397436
14301,三浦郡葉山町,52397437
14301,三浦郡葉山町,52397438
14301,三浦郡葉山町,52397439
14301,三浦郡葉山町,52397445
14301,三浦郡葉山町,52397446
14301,三浦郡葉山町,52397447
14301,三浦郡葉山町,52397448
14301,三浦郡葉山町,52397458
14301,三浦郡葉山町,52397500
14301,三浦郡葉山町,52397510
14301,三浦郡葉山町,52397511
14301,三浦郡葉山町,52397520
14301,三浦郡葉山町,52397521
14301,三浦郡葉山町,52397530
14321,高座郡寒川町,53390229
14321,高座郡寒川町,53390239
14321,高座郡寒川町,53390249
14321,高座郡寒川町,53390259
14321,高座郡寒川町,53390269
14321,高座郡寒川町,53390279
14321,高座郡寒川町,53390289
14321,高座郡寒川町,53390320
14321,高座郡寒川町,53390321
14321,高座郡寒川町,53390330
14321,高座郡寒川町,53390331
14321,高座郡寒川町,53390340
14321,高座郡寒川町,53390341
14321,高座郡寒川町,53390342
14321,高座郡寒川町,53390350
14321,高座郡寒川町,53390351
14321,高座郡寒川町,53390352
14321,高座郡寒川町,53390360
14321,高座郡寒川町,53390361
14321,高座郡寒川町,53390362
14321,高座郡寒川町,53390370
14321,高座郡寒川町,53390371
14321,高座郡寒川町,53390380
14321,高座郡寒川町,53390381
14341,中郡大磯町,52397251
14341,中郡大磯町,52397252
14341,中郡大磯町,52397261
14341,中郡大磯町,52397262
14341,中郡大磯町,52397263
14341,中郡大磯町,52397264
14341,中郡大磯町,52397265
14341,中郡大磯町,52397270
14341,中郡大磯町,52397271
14341,中郡大磯町,52397272
14341,中郡大磯町,52397273
14341,中郡大磯町,52397274
14341,中郡大磯町,52397275
14341,中郡大磯町,52397276
14341,中郡大磯町,52397280
14341,中郡大磯町,52397281
14341,中郡大磯町,52397282
14341,中郡大磯町,52397283
14341,中郡大磯町,52397284
14341,中郡大磯町,52397285
14341,中郡大磯町,52397286
14341,中郡大磯町,52397290
14341,中郡大磯町,52397291
14341,中郡大磯町,52397292
14341,中郡大磯町,52397293
14341,中郡大磯町,52397295
14341,中郡大磯町,52397296
14341,中郡大磯町,53390200
14341,中郡大磯町,53390201
14341,中郡大磯町,53390202
14342,中郡二宮町,52397148
14342,中郡二宮町,52397149
14342,中郡二宮町,52397158
14342,中郡二宮町,52397159
14342,中郡二宮町,52397168
14342,中郡二宮町,52397169
14342,中郡二宮町,52397178
14342,中郡二宮町,52397179
14342,中郡二宮町,52397188
14342,中郡二宮町,52397189
14342,中郡二宮町,52397199
14342,中郡二宮町,52397250
14342,中郡二宮町,52397251
14342,中郡二宮町,52397260
14342,中郡二宮町,52397261
14342,中郡二宮町,52397270
14342,中郡二宮町,52397271
14342,中郡二宮町,52397280
14342,中郡二宮町,52397290
14361,足柄上郡中井町,52397166
14361,足柄上郡中井町,52397175
14361,足柄上郡中井町,52397176
14361,足柄上郡中井町,52397177
14361,足柄上郡中井町,52397178
14361,足柄上郡中井町,52397184
14361,足柄上郡中井町,52397185
14361,足柄上郡中井町,52397186
14361,足柄上郡中井町,52397187
14361,足柄上郡中井町,52397188
14361,足柄上郡中井町,52397189
14361,足柄上郡中井町,52397195
14361,足柄上郡中井町,52397196
14361,足柄上郡中井町,52397197
14361,足柄上郡中井町,52397198
14361,足柄上郡中井町,52397199
14361,足柄上郡中井町,53390105
14361,足柄上郡中井町,53390106
14361,足柄上郡中井町,53390107
14361,足柄上郡中井町,53390108
14361,足柄上郡中井町,53390109
14361,足柄上郡中井町,53390114
14361,足柄上郡中井町,53390115
14361,足柄上郡中井町,53390116
14361,足柄上郡中井町,53390117
14361,足柄上郡中井町,53390118
14361,足柄上郡中井町,53390119
14361,足柄上郡中井町,53390124
14361,足柄上郡中井町,53390125
14361,足柄上郡中井町,53390126
14361,足柄上郡中井町,53390127
14361,足柄上郡中井町,53390128
14361,足柄上郡中井町,53390129
14361,足柄上郡中井町,53390136
14361,足柄上郡中井町,53390220
14362,足柄上郡大井町,52397171
14362,足柄上郡大井町,52397172
14362,足柄上郡大井町,52397173
14362,足柄上郡大井町,52397181
14362,足柄上郡大井町,52397182
14362,足柄上郡大井町,52397183
14362,足柄上郡大井町,52397184
14362,足柄上郡大井町,52397185
14362,足柄上郡大井町,52397190
14362,足柄上郡大井町,52397191
14362,足柄上郡大井町,52397192
14362,足柄上郡大井町,52397193
14362,足柄上郡大井町,52397194
14362,足柄上郡大井町,52397195
14362,足柄上郡大井町,53390100
14362,足柄上郡大井町,53390101
14362,足柄上郡大井町,53390102
14362,足柄上郡大井町,53390103
14362,足柄上郡大井町,53390104
14362,足柄上郡大井町,53390105
14362,足柄上郡大井町,53390111
14362,足柄上郡大井町,53390112
14362,足柄上郡大井町,53390113
14362,足柄上郡大井町,53390114
14362,足柄上郡大井町,53390115
14362,足柄上郡大井町,53390122
14362,足柄上郡大井町,53390123
14362,足柄上郡大井町,53390124
14362,足柄上郡大井町,53390133
14363,足柄上郡松田町,53390019
14363,足柄上郡松田町,53390029
14363,足柄上郡松田町,53390039
14363,足柄上郡松田町,53390049
14363,足柄上郡松田町,53390059
14363,足柄上郡松田町,53390067
14363,足柄上郡松田町,53390068
14363,足柄上郡松田町,53390069
14363,足柄上郡松田町,53390077
14363,足柄上郡松田町,53390078
14363,足柄上郡松田町,53390079
14363,足柄上郡松田町,53390087
14363,足柄上郡松田町,53390088
14363,足柄上郡松田町,53390089
14363,足柄上郡松田町,53390098
14363,足柄上郡松田町,53390099
14363,足柄上郡松田町,53390100
14363,足柄上郡松田町,53390101
14363,足柄上郡松田町,53390110
14363,足柄上郡松田町,53390111
14363,足柄上郡松田町,53390112
14363,足柄上郡松田町,53390120
14363,足柄上郡松田町,53390121
14363,足柄上郡松田町,53390122
14363,足柄上郡松田町,53390130
14363,足柄上郡松田町,53390131
14363,足柄上郡松田町,53390132
14363,足柄上郡松田町,53390140
14363,足柄上郡松田町,53390141
14363,足柄上郡松田町,53390142
14363,足柄上郡松田町,53390150
14363,足柄上郡松田町,53390151
14363,足柄上郡松田町,53390160
14363,足柄上郡松田町,53390161
14363,足柄上郡松田町,53390170
14363,足柄上郡松田町,53390171
14363,足柄上郡松田町,53390172
14363,足柄上郡松田町,53390180
14363,足柄上郡松田町,53390181
14363,足柄上郡松田町,53390182
14363,足柄上郡松田町,53390190
14363,足柄上郡松田町,53390191
14363,足柄上郡松田町,53391008
14363,足柄上郡松田町,53391009
14363,足柄上郡松田町,53391018
14363,足柄上郡松田町,53391019
14363,足柄上郡松田町,53391029
14363,足柄上郡松田町,53391100
14363,足柄上郡松田町,53391101
14363,足柄上郡松田町,53391110
14363,足柄上郡松田町,53391111
14363,足柄上郡松田町,53391120
14363,足柄上郡松田町,53391121
14363,足柄上郡松田町,53391130
14363,足柄上郡松田町,53391131
14364,足柄上郡山北町,52397091
14364,足柄上郡山北町,52397092
14364,足柄上郡山北町,53380759
14364,足柄上郡山北町,53380769
14364,足柄上郡山北町,53380773
14364,足柄上郡山北町,53380774
14364,足柄上郡山北町,53380775
14364,足柄上郡山北町,53380783
14364,足柄上郡山北町,53380784
14364,足柄上郡山北町,53380785
14364,足柄上郡山北町,53380786
14364,足柄上郡山北町,53380787
14364,足柄上郡山北町,53380788
14364,足柄上郡山北町,53380789
14364,足柄上郡山北町,53380793
14364,足柄上郡山北町,53380794
14364,足柄上郡山北町,53380795
14364,足柄上郡山北町,53380796
14364,足柄上郡山北町,53380797
14364,足柄上郡山北町,53380798
14364,足柄上郡山北町,53380799
14364,足柄上郡山北町,53381704
14364,足柄上郡山北町,53381705
14364,足柄上郡山北町,53381706
14364,足柄上郡山北町,53381707
14364,足柄上郡山北町,53381708
14364,足柄上郡山北町,53381709
14364,足柄上郡山北町,53381714
14364,足柄上郡山北町,53381715
14364,足柄上郡山北町,53381716
14364,足柄上郡山北町,53381717
14364,足柄上郡山北町,53381718
14364,足柄上郡山北町,53381719
14364,足柄上郡山北町,53381724
14364,足柄上郡山北町,53381725
14364,足柄上郡山北町,53381726
14364,足柄上郡山北町,53381727
14364,足柄上郡山北町,53381728
14364,足柄上郡山北町,53381729
14364,足柄上郡山北町,53381734
14364,足柄上郡山北町,53381735
14364,足柄上郡山北町,53381736
14364,足柄上郡山北町,53381737
14364,足柄上郡山北町,53381738
14364,足柄上郡山北町,53381739
14364,足柄上郡山北町,53381745
14364,足柄上郡山北町,53381746
14364,足柄上郡山北町,53381747
14364,足柄上郡山北町,53381748
14364,足柄上郡山北町,53381749
14364,足柄上郡山北町,53381756
14364,足柄上郡山北町,53381757
14364,足柄上郡山北町,53381758
14364,足柄上郡山北町,53381759
14364,足柄上郡山北町,53381767
14364,足柄上郡山北町,53381768
14364,足柄上郡山北町,53381769
14364,足柄上郡山北町,53390000
14364,足柄上郡山北町,53390001
14364,足柄上郡山北町,53390002
14364,足柄上郡山北町,53390010
14364,足柄上郡山北町,53390011
14364,足柄上郡山北町,53390012
14364,足柄上郡山北町,53390013
14364,足柄上郡山北町,53390014
14364,足柄上郡山北町,53390015
14364,足柄上郡山北町,53390016
14364,足柄上郡山北町,53390017
14364,足柄上郡山北町,53390018
14364,足柄上郡山北町,53390020
14364,足柄上郡山北町,53390021
14364,足柄上郡山北町,53390022
14364,足柄上郡山北町,53390023
14364,足柄上郡山北町,53390024
14364,足柄上郡山北町,53390025
14364,足柄上郡山北町,53390026
14364,足柄上郡山北町,53390027
14364,足柄上郡山北町,53390028
14364,足柄上郡山北町,53390029
14364,足柄上郡山北町,53390030
14364,足柄上郡山北町,53390031
14364,足柄上郡山北町,53390032
14364,足柄上郡山北町,53390033
14364,足柄上郡山北町,53390034
14364,足柄上郡山北町,53390035
14364,足柄上郡山北町,53390036
14364,足柄上郡山北町,53390037
14364,足柄上郡山北町,53390038
14364,足柄上郡山北町,53390039
14364,足柄上郡山北町,53390040
14364,足柄上郡山北町,53390041
14364,足柄上郡山北町,53390042
14364,足柄上郡山北町,53390043
14364,足柄上郡山北町,53390044
14364,足柄上郡山北町,53390045
14364,足柄上郡山北町,53390046
14364,足柄上郡山北町,53390047
14364,足柄上郡山北町,53390048
14364,足柄上郡山北町,53390049
14364,足柄上郡山北町,53390050
14364,足柄上郡山北町,53390051
14364,足柄上郡山北町,53390052
14364,足柄上郡山北町,53390053
14364,足柄上郡山北町,53390054
14364,足柄上郡山北町,53390055
14364,足柄上郡山北町,53390056
14364,足柄上郡山北町,53390057
14364,足柄上郡山北町,53390058
14364,足柄上郡山北町,53390059
14364,足柄上郡山北町,53390060
14364,足柄上郡山北町,53390061
14364,足柄上郡山北町,53390062
14364,足柄上郡山北町,53390063
14364,足柄上郡山北町,53390064
14364,足柄上郡山北町,53390065
14364,足柄上郡山北町,53390066
14364,足柄上郡山北町,53390067
14364,足柄上郡山北町,53390068
14364,足柄上郡山北町,53390069
14364,足柄上郡山北町,53390070
14364,足柄上郡山北町,53390071
14364,足柄上郡山北町,53390072
14364,足柄上郡山北町,53390073
14364,足柄上郡山北町,53390074
14364,足柄上郡山北町,53390075
14364,足柄上郡山北町,53390076
14364,足柄上郡山北町,53390077
14364,足柄上郡山北町,53390078
14364,足柄上郡山北町,53390080
14364,足柄上郡山北町,53390081
14364,足柄上郡山北町,53390082
14364,足柄上郡山北町,53390083
14364,足柄上郡山北町,53390084
14364,足柄上郡山北町,53390085
14364,足柄上郡山北町,53390086
14364,足柄上郡山北町,53390087
14364,足柄上郡山北町,53390088
14364,足柄上郡山北町,53390090
14364,足柄上郡山北町,53390091
14364,足柄上郡山北町,53390092
14364,足柄上郡山北町,53390093
14364,足柄上郡山北町,53390094
14364,足柄上郡山北町,53390095
14364,足柄上郡山北町,53390096
14364,足柄上郡山北町,53390097
14364,足柄上郡山北町,53390098
14364,足柄上郡山北町,53390140
14364,足柄上郡山北町,53390150
14364,足柄上郡山北町,53391000
14364,足柄上郡山北町,53391001
14364,足柄上郡山北町,53391002
14364,足柄上郡山北町,53391003
14364,足柄上郡山北町,53391004
14364,足柄上郡山北町,53391005
14364,足柄上郡山北町,53391006
14364,足柄上郡山北町,53391007
14364,足柄上郡山北町,53391008
14364,足柄上郡山北町,53391010
14364,足柄上郡山北町,53391011
14364,足柄上郡山北町,53391012
14364,足柄上郡山北町,53391013
14364,足柄上郡山北町,53391014
14364,足柄上郡山北町,53391015
14364,足柄上郡山北町,53391016
14364,足柄上郡山北町,53391017
14364,足柄上郡山北町,53391018
14364,足柄上郡山北町,53391019
14364,足柄上郡山北町,53391020
14364,足柄上郡山北町,53391021
14364,足柄上郡山北町,53391022
14364,足柄上郡山北町,53391023
14364,足柄上郡山北町,53391024
14364,足柄上郡山北町,53391025
14364,足柄上郡山北町,53391026
14364,足柄上郡山北町,53391027
14364,足柄上郡山北町,53391028
14364,足柄上郡山北町,53391029
14364,足柄上郡山北町,53391030
14364,足柄上郡山北町,53391031
14364,足柄上郡山北町,53391032
14364,足柄上郡山北町,53391033
14364,足柄上郡山北町,53391034
14364,足柄上郡山北町,53391035
14364,足柄上郡山北町,53391036
14364,足柄上郡山北町,53391037
14364,足柄上郡山北町,53391038
14364,足柄上郡山北町,53391039
14364,足柄上郡山北町,53391040
14364,足柄上郡山北町,53391041
14364,足柄上郡山北町,53391042
14364,足柄上郡山北町,53391043
14364,足柄上郡山北町,53391044
14364,足柄上郡山北町,53391045
14364,足柄上郡山北町,53391046
14364,足柄上郡山北町,53391047
14364,足柄上郡山北町,53391048
14364,足柄上郡山北町,53391049
14364,足柄上郡山北町,53391050
14364,足柄上郡山北町,53391051
14364,足柄上郡山北町,53391052
14364,足柄上郡山北町,53391053
14364,足柄上郡山北町,53391054
14364,足柄上郡山北町,53391055
14364,足柄上郡山北町,53391056
14364,足柄上郡山北町,53391057
14364,足柄上郡山北町,53391058
14364,足柄上郡山北町,53391059
14364,足柄上郡山北町,53391060
14364,足柄上郡山北町,53391061
14364,足柄上郡山北町,53391062
14364,足柄上郡山北町,53391063
14364,足柄上郡山北町,53391064
14364,足柄上郡山北町,53391065
14364,足柄上郡山北町,53391066
14364,足柄上郡山北町,53391067
14364,足柄上郡山北町,53391068
14364,足柄上郡山北町,53391069
14364,足柄上郡山北町,53391070
14364,足柄上郡山北町,53391071
14364,足柄上郡山北町,53391072
14364,足柄上郡山北町,53391073
14364,足柄上郡山北町,53391074
14364,足柄上郡山北町,53391075
14364,足柄上郡山北町,53391076
14364,足柄上郡山北町,53391077
14364,足柄上郡山北町,53391078
14364,足柄上郡山北町,53391079
14364,足柄上郡山北町,53391082
14364,足柄上郡山北町,53391083
14364,足柄上郡山北町,53391084
14364,足柄上郡山北町,53391085
14364,足柄上郡山北町,53391086
14364,足柄上郡山北町,53391087
14364,足柄上郡山北町,53391093
14364,足柄上郡山北町,53391094
14364,足柄上郡山北町,53391095
14364,足柄上郡山北町,53391096
14364,足柄上郡山北町,53391097
14364,足柄上郡山北町,53391120
14364,足柄上郡山北町,53391130
14364,足柄上郡山北町,53391131
14364,足柄上郡山北町,53391132
14364,足柄上郡山北町,53391140
14364,足柄上郡山北町,53391141
14364,足柄上郡山北町,53391142
14364,足柄上郡山北町,53391143
14364,足柄上郡山北町,53391150
14364,足柄上郡山北町,53391151
14364,足柄上郡山北町,53391152
14364,足柄上郡山北町,53391153
14364,足柄上郡山北町,53391160
14364,足柄上郡山北町,53391161
14364,足柄上郡山北町,53391162
14364,足柄上郡山北町,53391163
14364,足柄上郡山北町,53391170
14364,足柄上郡山北町,53391171
14364,足柄上郡山北町,53391172
14364,足柄上郡山北町,53391173
14364,足柄上郡山北町,53391180
14364,足柄上郡山北町,53391181
14364,足柄上郡山北町,53392003
14364,足柄上郡山北町,53392004
14364,足柄上郡山北町,53392005
14364,足柄上郡山北町,53392013
14364,足柄上郡山北町,53392014
14364,足柄上郡山北町,53392015
14366,足柄上郡開成町,52397089
14366,足柄上郡開成町,52397099
14366,足柄上郡開成町,52397180
14366,足柄上郡開成町,52397181
14366,足柄上郡開成町,52397190
14366,足柄上郡開成町,52397191
14366,足柄上郡開成町,53390008
14366,足柄上郡開成町,53390009
14366,足柄上郡開成町,53390018
14366,足柄上郡開成町,53390019
14366,足柄上郡開成町,53390028
14366,足柄上郡開成町,53390029
14366,足柄上郡開成町,53390100
14366,足柄上郡開成町,53390110
14382,足柄下郡箱根町,52386729
14382,足柄下郡箱根町,52386739
14382,足柄下郡箱根町,52386748
14382,足柄下郡箱根町,52386749
14382,足柄下郡箱根町,52386758
14382,足柄下郡箱根町,52386759
14382,足柄下郡箱根町,52386768
14382,足柄下郡箱根町,52386769
14382,足柄下郡箱根町,52386778
14382,足柄下郡箱根町,52386779
14382,足柄下郡箱根町,52386788
14382,足柄下郡箱根町,52386789
14382,足柄下郡箱根町,52386797
14382,足柄下郡箱根町,52386798
14382,足柄下郡箱根町,52386799
14382,足柄下郡箱根町,52387707
14382,足柄下郡箱根町,52387708
14382,足柄下郡箱根町,52387709
14382,足柄下郡箱根町,52387717
14382,足柄下郡箱根町,52387718
14382,足柄下郡箱根町,52387719
14382,足柄下郡箱根町,52387728
14382,足柄下郡箱根町,52387729
14382,足柄下郡箱根町,52387738
14382,足柄下郡箱根町,52387739
14382,足柄下郡箱根町,52387749
14382,足柄下郡箱根町,52396010
14382,足柄下郡箱根町,52396011
14382,足柄下郡箱根町,52396012
14382,足柄下郡箱根町,52396013
14382,足柄下郡箱根町,52396020
14382,足柄下郡箱根町,52396021
14382,足柄下郡箱根町,52396022
14382,足柄下郡箱根町,52396023
14382,足柄下郡箱根町,52396024
14382,足柄下郡箱根町,52396030
14382,足柄下郡箱根町,52396031
14382,足柄下郡箱根町,52396032
14382,足柄下郡箱根町,52396033
14382,足柄下郡箱根町,52396034
14382,足柄下郡箱根町,52396035
14382,足柄下郡箱根町,52396036
14382,足柄下郡箱根町,52396040
14382,足柄下郡箱根町,52396041
14382,足柄下郡箱根町,52396042
14382,足柄下郡箱根町,52396043
14382,足柄下郡箱根町,52396044
14382,足柄下郡箱根町,52396045
14382,足柄下郡箱根町,52396046
14382,足柄下郡箱根町,52396050
14382,足柄下郡箱根町,52396051
14382,足柄下郡箱根町,52396052
14382,足柄下郡箱根町,52396053
14382,足柄下郡箱根町,52396054
14382,足柄下郡箱根町,52396055
14382,足柄下郡箱根町,52396056
14382,足柄下郡箱根町,52396057
14382,足柄下郡箱根町,52396060
14382,足柄下郡箱根町,52396061
14382,足柄下郡箱根町,52396062
14382,足柄下郡箱根町,52396063
14382,足柄下郡箱根町,52396064
14382,足柄下郡箱根町,52396065
14382,足柄下郡箱根町,52396066
14382,足柄下郡箱根町,52396067
14382,足柄下郡箱根町,52396068
14382,足柄下郡箱根町,52396070
14382,足柄下郡箱根町,52396071
14382,足柄下郡箱根町,52396072
14382,足柄下郡箱根町,52396073
14382,足柄下郡箱根町,52396074
14382,足柄下郡箱根町,52396075
14382,足柄下郡箱根町,52396076
14382,足柄下郡箱根町,52396077
14382,足柄下郡箱根町,52396078
14382,足柄下郡箱根町,52396079
14382,足柄下郡箱根町,52396080
14382,足柄下郡箱根町,52396081
14382,足柄下郡箱根町,52396082
14382,足柄下郡箱根町,52396083
14382,足柄下郡箱根町,52396084
14382,足柄下郡箱根町,52396085
14382,足柄下郡箱根町,52396086
14382,足柄下郡箱根町,52396087
14382,足柄下郡箱根町,52396088
14382,足柄下郡箱根町,52396089
14382,足柄下郡箱根町,52396090
14382,足柄下郡箱根町,52396091
14382,足柄下郡箱根町,52396092
14382,足柄下郡箱根町,52396093
14382,足柄下郡箱根町,52396094
14382,足柄下郡箱根町,52396095
14382,足柄下郡箱根町,52396097
14382,足柄下郡箱根町,52397000
14382,足柄下郡箱根町,52397001
14382,足柄下郡箱根町,52397002
14382,足柄下郡箱根町,52397003
14382,足柄下郡箱根町,52397004
14382,足柄下郡箱根町,52397005
14382,足柄下郡箱根町,52397010
14382,足柄下郡箱根町,52397011
14382,足柄下郡箱根町,52397012
14382,足柄下郡箱根町,52397013
14382,足柄下郡箱根町,52397014
14382,足柄下郡箱根町,52397015
14382,足柄下郡箱根町,52397020
14382,足柄下郡箱根町,52397021
14382,足柄下郡箱根町,52397022
14382,足柄下郡箱根町,52397023
14382,足柄下郡箱根町,52397024
14382,足柄下郡箱根町,52397030
14382,足柄下郡箱根町,52397031
14382,足柄下郡箱根町,52397032
14382,足柄下郡箱根町,52397033
14382,足柄下郡箱根町,52397034
14382,足柄下郡箱根町,52397040
14383,足柄下郡真鶴町,52395161
14383,足柄下郡真鶴町,52395162
14383,足柄下郡真鶴町,52395163
14383,足柄下郡真鶴町,52395170
14383,足柄下郡真鶴町,52395171
14383,足柄下郡真鶴町,52395172
14383,足柄下郡真鶴町,52395180
14383,足柄下郡真鶴町,52395181
14383,足柄下郡真鶴町,52395190
14383,足柄下郡真鶴町,52395191
14383,足柄下郡真鶴町,52396009
14383,足柄下郡真鶴町,52396018
14383,足柄下郡真鶴町,52396019
14383,足柄下郡真鶴町,52396028
14383,足柄下郡真鶴町,52396029
14383,足柄下郡真鶴町,52396100
14383,足柄下郡真鶴町,52396101
14383,足柄下郡真鶴町,52396110
14383,足柄下郡真鶴町,52396111
14384,足柄下郡湯河原町,52395066
14384,足柄下郡湯河原町,52395067
14384,足柄下郡湯河原町,52395068
14384,足柄下郡湯河原町,52395069
14384,足柄下郡湯河原町,52395072
14384,足柄下郡湯河原町,52395073
14384,足柄下郡湯河原町,52395074
14384,足柄下郡湯河原町,52395075
14384,足柄下郡湯河原町,52395076
14384,足柄下郡湯河原町,52395077
14384,足柄下郡湯河原町,52395078
14384,足柄下郡湯河原町,52395079
14384,足柄下郡湯河原町,52395082
14384,足柄下郡湯河原町,52395083
14384,足柄下郡湯河原町,52395084
14384,足柄下郡湯河原町,52395085
14384,足柄下郡湯河原町,52395086
14384,足柄下郡湯河原町,52395087
14384,足柄下郡湯河原町,52395088
14384,足柄下郡湯河原町,52395089
14384,足柄下郡湯河原町,52395092
14384,足柄下郡湯河原町,52395093
14384,足柄下郡湯河原町,52395094
14384,足柄下郡湯河原町,52395095
14384,足柄下郡湯河原町,52395096
14384,足柄下郡湯河原町,52395097
14384,足柄下郡湯河原町,52395098
14384,足柄下郡湯河原町,52395099
14384,足柄下郡湯河原町,52395170
14384,足柄下郡湯河原町,52395171
14384,足柄下郡湯河原町,52395180
14384,足柄下郡湯河原町,52395190
14384,足柄下郡湯河原町,52396002
14384,足柄下郡湯河原町,52396003
14384,足柄下郡湯河原町,52396004
14384,足柄下郡湯河原町,52396005
14384,足柄下郡湯河原町,52396006
14384,足柄下郡湯河原町,52396007
14384,足柄下郡湯河原町,52396008
14384,足柄下郡湯河原町,52396009
14384,足柄下郡湯河原町,52396012
14384,足柄下郡湯河原町,52396013
14384,足柄下郡湯河原町,52396014
14384,足柄下郡湯河原町,52396015
14384,足柄下郡湯河原町,52396016
14384,足柄下郡湯河原町,52396017
14384,足柄下郡湯河原町,52396018
14384,足柄下郡湯河原町,52396019
14384,足柄下郡湯河原町,52396023
14384,足柄下郡湯河原町,52396024
14384,足柄下郡湯河原町,52396025
14384,足柄下郡湯河原町,52396026
14384,足柄下郡湯河原町,52396027
14384,足柄下郡湯河原町,52396028
14384,足柄下郡湯河原町,52396034
14384,足柄下郡湯河原町,52396035
14384,足柄下郡湯河原町,52396036
14384,足柄下郡湯河原町,52396037
14384,足柄下郡湯河原町,52396045
14384,足柄下郡湯河原町,52396046
14384,足柄下郡湯河原町,52396100
14401,愛甲郡愛川町,53391297
14401,愛甲郡愛川町,53392139
14401,愛甲郡愛川町,53392149
14401,愛甲郡愛川町,53392159
14401,愛甲郡愛川町,53392201
14401,愛甲郡愛川町,53392202
14401,愛甲郡愛川町,53392205
14401,愛甲郡愛川町,53392206
14401,愛甲郡愛川町,53392207
14401,愛甲郡愛川町,53392210
14401,愛甲郡愛川町,53392211
14401,愛甲郡愛川町,53392212
14401,愛甲郡愛川町,53392213
14401,愛甲郡愛川町,53392214
14401,愛甲郡愛川町,53392215
14401,愛甲郡愛川町,53392216
14401,愛甲郡愛川町,53392217
14401,愛甲郡愛川町,53392218
14401,愛甲郡愛川町,53392220
14401,愛甲郡愛川町,53392221
14401,愛甲郡愛川町,53392222
14401,愛甲郡愛川町,53392223
14401,愛甲郡愛川町,53392224
14401,愛甲郡愛川町,53392225
14401,愛甲郡愛川町,53392226
14401,愛甲郡愛川町,53392227
14401,愛甲郡愛川町,53392228
14401,愛甲郡愛川町,53392230
14401,愛甲郡愛川町,53392231
14401,愛甲郡愛川町,53392232
14401,愛甲郡愛川町,53392233
14401,愛甲郡愛川町,53392234
14401,愛甲郡愛川町,53392235
14401,愛甲郡愛川町,53392236
14401,愛甲郡愛川町,53392237
14401,愛甲郡愛川町,53392238
14401,愛甲郡愛川町,53392240
14401,愛甲郡愛川町,53392241
14401,愛甲郡愛川町,53392242
14401,愛甲郡愛川町,53392243
14401,愛甲郡愛川町,53392244
14401,愛甲郡愛川町,53392245
14401,愛甲郡愛川町,53392246
14401,愛甲郡愛川町,53392247
14401,愛甲郡愛川町,53392250
14401,愛甲郡愛川町,53392251
14401,愛甲郡愛川町,53392252
14401,愛甲郡愛川町,53392253
14401,愛甲郡愛川町,53392254
14401,愛甲郡愛川町,53392255
14401,愛甲郡愛川町,53392256
14401,愛甲郡愛川町,53392260
14401,愛甲郡愛川町,53392261
14401,愛甲郡愛川町,53392262
14401,愛甲郡愛川町,53392263
14401,愛甲郡愛川町,53392264
14402,愛甲郡清川村,53391134
14402,愛甲郡清川村,53391135
14402,愛甲郡清川村,53391143
14402,愛甲郡清川村,53391144
14402,愛甲郡清川村,53391145
14402,愛甲郡清川村,53391146
14402,愛甲郡清川村,53391148
14402,愛甲郡清川村,53391149
14402,愛甲郡清川村,53391153
14402,愛甲郡清川村,53391154
14402,愛甲郡清川村,53391155
14402,愛甲郡清川村,53391156
14402,愛甲郡清川村,53391157
14402,愛甲郡清川村,53391158
14402,愛甲郡清川村,53391159
14402,愛甲郡清川村,53391163
14402,愛甲郡清川村,53391164
14402,愛甲郡清川村,53391165
14402,愛甲郡清川村,53391166
14402,愛甲郡清川村,53391167
14402,愛甲郡清川村,53391168
14402,愛甲郡清川村,53391169
14402,愛甲郡清川村,53391173
14402,愛甲郡清川村,53391174
14402,愛甲郡清川村,53391175
14402,愛甲郡清川村,53391176
14402,愛甲郡清川村,53391177
14402,愛甲郡清川村,53391178
14402,愛甲郡清川村,53391179
14402,愛甲郡清川村,53391183
14402,愛甲郡清川村,53391184
14402,愛甲郡清川村,53391185
14402,愛甲郡清川村,53391186
14402,愛甲郡清川村,53391187
14402,愛甲郡清川村,53391188
14402,愛甲郡清川村,53391189
14402,愛甲郡清川村,53391194
14402,愛甲郡清川村,53391195
14402,愛甲郡清川村,53391196
14402,愛甲郡清川村,53391197
14402,愛甲郡清川村,53391198
14402,愛甲郡清川村,53391199
14402,愛甲郡清川村,53391250
14402,愛甲郡清川村,53391251
14402,愛甲郡清川村,53391252
14402,愛甲郡清川村,53391253
14402,愛甲郡清川村,53391260
14402,愛甲郡清川村,53391261
14402,愛甲郡清川村,53391262
14402,愛甲郡清川村,53391263
14402,愛甲郡清川村,53391270
14402,愛甲郡清川村,53391271
14402,愛甲郡清川村,53391272
14402,愛甲郡清川村,53391273
14402,愛甲郡清川村,53391280
14402,愛甲郡清川村,53391281
14402,愛甲郡清川村,53391282
14402,愛甲郡清川村,53391283
14402,愛甲郡清川村,53391290
14402,愛甲郡清川村,53391291
14402,愛甲郡清川村,53391292
14402,愛甲郡清川村,53392104
14402,愛甲郡清川村,53392105
14402,愛甲郡清川村,53392106
14402,愛甲郡清川村,53392107
14402,愛甲郡清川村,53392108
14402,愛甲郡清川村,53392109
14402,愛甲郡清川村,53392116
14402,愛甲郡清川村,53392117
14402,愛甲郡清川村,53392118
14402,愛甲郡清川村,53392119
14402,愛甲郡清川村,53392126
14402,愛甲郡清川村,53392127
14402,愛甲郡清川村,53392128
14402,愛甲郡清川村,53392129
14402,愛甲郡清川村,53392137
14402,愛甲郡清川村,53392138
14402,愛甲郡清川村,53392139
14402,愛甲郡清川村,53392147
14402,愛甲郡清川村,53392148
14402,愛甲郡清川村,53392149
14402,愛甲郡清川村,53392159
14402,愛甲郡清川村,53392200
14402,愛甲郡清川村,53392201
14402,愛甲郡清川村,53392202
14402,愛甲郡清川村,53392210
14402,愛甲郡清川村,53392211
14402,愛甲郡清川村,53392220
14402,愛甲郡清川村,53392230
